rank,customer_id,risk_score,customer_type,country,province,city,gender,marital_status,occupation_code,occupation_title,income,age_years,account_tenure_days,industry_code,industry,employee_count,sales,business_age_days,days_established_to_onboard,revenue_per_employee,income_occupation_flag,is_individual,emt_amt_sum,wire_count,wire_amt_sum,eft_debit_sum,cheque_count,card_foreign_rate,risk_flags,known_fraud
1,SYNID0200398398,0.9999945375534959,smallbusiness,CA,ON,KINGSTON,unknown,unknown,unknown,unknown,0.0,,3431.0,7771,Management Consulting Services,6.0,0.0,3528.0,97.0,0.0,0.0,0,104787.83,1.0,1071.08,3952.46,2.0,0.4448818897637795,employees but zero revenue; has wire transfers; high EMT volume (top 10%); 30%+ foreign card transactions,0
2,SYNID0105593361,0.9998540667126263,individual,CA,ON,TORONTO,FEMALE,Single,STUDENT,unknown,11.0,26.587268993839835,2641.0,unknown,unknown,0.0,0.0,0.0,,0.0,0.0,1,928.47,0.0,0.0,243.26,0.0,0.19658119658119658,student,1
3,SYNID0200496670,0.9946951154320595,smallbusiness,CA,ON,NORTH YORK,unknown,unknown,unknown,unknown,0.0,,751.0,7599,Other Real Estate Operators,2.0,0.0,838.0,87.0,0.0,0.0,0,0.0,0.0,0.0,173528.75999999998,27.0,0.0,employees but zero revenue; high EFT outflows (top 10%); high cheque activity (top 10%),1
4,SYNID0100957188,0.9903452828183845,individual,CA,unknown,other,unknown,Single,STUDENT,unknown,8.0,26.327173169062284,6178.0,unknown,unknown,0.0,0.0,0.0,,0.0,0.0,1,17056.85,0.0,0.0,0.0,0.0,0.5,student; high EMT volume (top 10%); 30%+ foreign card transactions,1
5,SYNID0107334515,0.9831592274363202,individual,CA,ON,CAMBRIDGE,FEMALE,unknown,STUDENT,unknown,0.0,25.188227241615333,2462.0,unknown,unknown,0.0,0.0,0.0,,0.0,0.0,1,3927.0899999999992,1.0,1109.95,2065.3500000000004,0.0,0.21296296296296297,student; has wire transfers,1
6,SYNID0200187014,0.9820558791558593,smallbusiness,CA,AB,EDMONTON,unknown,unknown,unknown,unknown,0.0,,506.0,7761,Offices of Lawyers and Notaries,1.0,0.0,531.0,25.0,0.0,0.0,0,2339.45,0.0,0.0,0.0,0.0,0.37037037037037035,onboarded <30 days after business founding; employees but zero revenue; 30%+ foreign card transactions,1
7,SYNID0200755574,0.9812308908613802,smallbusiness,CA,ON,OAKVILLE,unknown,unknown,unknown,unknown,0.0,,,7215,Holding Companies,0.0,540611.0,8375.0,,0.0,0.0,0,13558.73,0.0,0.0,5866.28,5.0,0.4716981132075472,high EMT volume (top 10%); high EFT outflows (top 10%); 30%+ foreign card transactions,1
8,SYNID0101421130,0.9791133173696475,individual,CA,ON,TORONTO,MALE,Single,UNEMPLOYED,unknown,112074.0,35.98904859685147,2195.0,unknown,unknown,0.0,0.0,0.0,,0.0,1.0,1,0.0,0.0,0.0,0.0,0.0,0.3333333333333333,high income for occupation; unemployed; 30%+ foreign card transactions,1
9,SYNID0104859272,0.8901453201076877,individual,CA,MB,WINNIPEG,MALE,Unknown,STUDENT,unknown,0.0,23.32101300479124,1326.0,unknown,unknown,0.0,0.0,0.0,,0.0,0.0,1,6717.9,1.0,429.68,0.0,0.0,0.125,student; has wire transfers,0
10,SYNID0200255716,0.879118011512116,smallbusiness,CA,ON,TORONTO,unknown,unknown,unknown,unknown,0.0,,7324.0,0139,Other Field Crop Farms,1.0,113494.0,6891.0,-433.0,113494.0,0.0,0,0.0,0.0,0.0,4008.36,4.0,1.0,onboarded <30 days after business founding; 30%+ foreign card transactions,0
11,SYNID0107505069,0.830062877838226,individual,CA,BC,VICTORIA,MALE,unknown,72310,Carpenters,0.0,27.854893908281998,2307.0,unknown,unknown,0.0,0.0,0.0,,0.0,0.0,1,13709.09,1.0,800.55,3174.16,1.0,0.0,has wire transfers; high EMT volume (top 10%),0
12,SYNID0100329378,0.7094530416199891,individual,CA,unknown,other,MALE,Single,UNEMPLOYED,unknown,53487.0,35.60848733744011,3266.0,unknown,unknown,0.0,0.0,0.0,,0.0,1.0,1,3460.2,0.0,0.0,1015.5,3.0,0.0,high income for occupation; unemployed,0
13,SYNID0108207202,0.670761154950938,individual,CA,QC,GATINEAU,MALE,Single,STUDENT,unknown,102469.0,43.66872005475702,7097.0,unknown,unknown,0.0,0.0,0.0,,0.0,1.0,1,4648.450000000001,0.0,0.0,2204.6400000000003,2.0,0.14285714285714285,high income for occupation; student,0
14,SYNID0104750690,0.5778953068927414,individual,CA,unknown,other,MALE,Unknown,UNEMPLOYED,unknown,52198.0,56.99931553730322,7288.0,unknown,unknown,0.0,0.0,0.0,,0.0,1.0,1,0.0,0.0,0.0,0.0,0.0,0.16666666666666666,high income for occupation; unemployed,0
15,SYNID0200339536,0.5756703821024015,smallbusiness,CA,unknown,other,unknown,unknown,unknown,unknown,0.0,,495.0,Other,unknown,0.0,0.0,572.0,77.0,0.0,0.0,0,1453.33,0.0,0.0,0.0,0.0,0.42857142857142855,30%+ foreign card transactions,0
16,SYNID0105570835,0.5107132758664552,individual,CA,AB,LETHBRIDGE,unknown,Married,10011,Human resources managers,55706.0,30.45311430527036,1627.0,unknown,unknown,0.0,0.0,0.0,,0.0,0.0,1,1559.4499999999998,1.0,2301.64,4878.46,0.0,0.0,has wire transfers,0
17,SYNID0106717778,0.4968601693217099,individual,CA,ON,TORONTO,FEMALE,Unknown,STUDENT,unknown,0.0,21.859000684462696,509.0,unknown,unknown,0.0,0.0,0.0,,0.0,0.0,1,0.0,1.0,7293.86,0.0,0.0,0.34782608695652173,student; has wire transfers; 30%+ foreign card transactions,0
18,SYNID0101163816,0.40171081215312415,individual,CA,AB,EDMONTON,FEMALE,Married,OTHER,unknown,160229.0,61.946611909650926,10499.0,unknown,unknown,0.0,0.0,0.0,,0.0,0.0,1,38755.76,0.0,0.0,2033.54,0.0,0.19838056680161945,high EMT volume (top 10%),0
19,SYNID0200143570,0.39277050352600357,smallbusiness,CA,NL,MOUNT PEARL,unknown,unknown,unknown,unknown,0.0,,950.0,7215,Holding Companies,0.0,0.0,1074.0,124.0,0.0,0.0,0,1507.89,0.0,0.0,0.0,0.0,0.0,,0
20,SYNID0104833954,0.3642035216034329,individual,CA,ON,HAMILTON,unknown,unknown,STUDENT,unknown,41752.0,28.65160848733744,4056.0,unknown,unknown,0.0,0.0,0.0,,0.0,0.0,1,6200.46,0.0,0.0,3590.88,0.0,0.5,student; 30%+ foreign card transactions,0
21,SYNID0108249774,0.2913223916847735,individual,CA,BC,VERNON,FEMALE,Single,SELF_EMPLOYED,unknown,69247.0,28.427104722792606,2027.0,unknown,unknown,0.0,0.0,0.0,,0.0,0.0,1,3539.0,1.0,43.93,2947.63,0.0,0.0,has wire transfers,0
22,SYNID0200890437,0.288235325086989,smallbusiness,CA,ON,ORILLIA,unknown,unknown,unknown,unknown,0.0,,1617.0,7761,Offices of Lawyers and Notaries,1.0,1.0,1680.0,63.0,1.0,0.0,0,0.0,0.0,0.0,0.0,18.0,0.0,high cheque activity (top 10%),0
23,SYNID0200798374,0.26952757921939496,smallbusiness,CA,ON,NORTH YORK,unknown,unknown,unknown,unknown,0.0,,2055.0,4561,General Freight Trucking Industry,1.0,17699.0,2168.0,113.0,17699.0,0.0,0,0.0,0.0,0.0,0.0,0.0,0.0,,0
24,SYNID0200950641,0.2669673354402879,smallbusiness,CA,AB,CALGARY,unknown,unknown,unknown,unknown,0.0,,507.0,4214,Excavating and Grading,1.0,80650.0,1592.0,1085.0,80650.0,0.0,0,13096.43,0.0,0.0,0.0,0.0,1.0,high EMT volume (top 10%); 30%+ foreign card transactions,0
25,SYNID0106518706,0.2621703928128093,individual,CA,unknown,other,MALE,unknown,UNEMPLOYED,unknown,53091.0,72.99931553730322,11974.0,unknown,unknown,0.0,0.0,0.0,,0.0,1.0,1,0.0,0.0,0.0,0.0,0.0,0.08823529411764706,high income for occupation; unemployed,0
26,SYNID0200163281,0.26069131923541156,smallbusiness,CA,AB,EDMONTON,unknown,unknown,unknown,unknown,0.0,,6727.0,4022,Commercial Building,6.0,1579739.0,6729.0,2.0,263289.8333333333,0.0,0,0.0,0.0,0.0,247694.8,0.0,0.0,onboarded <30 days after business founding; high EFT outflows (top 10%),0
27,SYNID0106574716,0.20994889547024276,individual,CA,unknown,other,FEMALE,Married,STUDENT,unknown,75406.0,31.211498973305954,1743.0,unknown,unknown,0.0,0.0,0.0,,0.0,1.0,1,5057.950000000001,0.0,0.0,13903.579999999998,35.0,0.15217391304347827,high income for occupation; student; high EFT outflows (top 10%); high cheque activity (top 10%),0
28,SYNID0106836328,0.20137892810108998,individual,CA,unknown,other,unknown,Single,UNEMPLOYED,unknown,61888.0,59.06091718001369,9799.0,unknown,unknown,0.0,0.0,0.0,,0.0,1.0,1,3071.02,0.0,0.0,6303.98,1.0,0.20454545454545456,high income for occupation; unemployed; high EFT outflows (top 10%),0
29,SYNID0200442841,0.17719630787720367,smallbusiness,CA,ON,NORTH YORK,unknown,unknown,unknown,unknown,0.0,,916.0,8652,"Offices of Physicians and Surgeons, Specialists",1.0,0.0,965.0,49.0,0.0,0.0,0,0.0,0.0,0.0,4373.62,0.0,0.0,employees but zero revenue,0
30,SYNID0106825796,0.15349993496017994,individual,CA,ON,MILTON,MALE,Married,RETIRED,unknown,126620.0,71.95071868583162,11778.0,unknown,unknown,0.0,0.0,0.0,,0.0,0.0,1,5497.04,2.0,5800.26,10595.42,3.0,0.1513157894736842,has wire transfers; high EFT outflows (top 10%),0
31,SYNID0200018308,0.15349439059204065,smallbusiness,CA,SK,SASKATOON,unknown,unknown,unknown,unknown,0.0,,2102.0,Other,unknown,0.0,118198.0,2331.0,229.0,0.0,0.0,0,7262.17,0.0,0.0,17.56,1.0,0.5555555555555556,30%+ foreign card transactions,0
32,SYNID0200861363,0.1528235945420832,smallbusiness,CA,BC,VANCOUVER,unknown,unknown,unknown,unknown,0.0,,1906.0,9631,Entertainment Production Companies and Artists,1.0,226010.0,1343.0,-563.0,226010.0,0.0,0,3696.64,0.0,0.0,142.69,0.0,0.42424242424242425,onboarded <30 days after business founding; 30%+ foreign card transactions,0
33,SYNID0108682306,0.15246795492158868,individual,CA,AB,EDMONTON,MALE,Unknown,63200,Cooks,46068.0,27.277207392197127,2549.0,unknown,unknown,0.0,0.0,0.0,,0.0,0.0,1,0.0,0.0,0.0,0.0,0.0,1.0,30%+ foreign card transactions,0
34,SYNID0107000956,0.14623345382225117,individual,CA,ON,ST CATHARINES,unknown,Single,31202,Physiotherapists,0.0,34.217659137577,1650.0,unknown,unknown,0.0,0.0,0.0,,0.0,0.0,1,7131.13,0.0,0.0,824.6700000000001,0.0,0.16393442622950818,,0
35,SYNID0102056629,0.13643560174063205,individual,CA,ON,MISSISSAUGA,unknown,Single,STUDENT,unknown,0.0,20.799452429842574,3599.0,unknown,unknown,0.0,0.0,0.0,,0.0,0.0,1,2626.13,0.0,0.0,0.0,0.0,0.5,student; 30%+ foreign card transactions,0
36,SYNID0200018603,0.13497023824869817,smallbusiness,CA,ON,KITCHENER,unknown,unknown,unknown,unknown,0.0,,1029.0,7759,Other Scientific and Technical Services,1.0,28622.0,4465.0,3436.0,28622.0,0.0,0,457.27,0.0,0.0,0.0,0.0,0.38235294117647056,30%+ foreign card transactions,0
37,SYNID0200607748,0.13015047201928065,smallbusiness,CA,ON,TORONTO,unknown,unknown,unknown,unknown,0.0,,10951.0,9861,Civic and Fraternal Organizations,0.0,0.0,10360.0,-591.0,0.0,0.0,0,0.0,0.0,0.0,137275.44,17.0,0.0,onboarded <30 days after business founding; high EFT outflows (top 10%); high cheque activity (top 10%),0
38,SYNID0101759914,0.11875239736828588,individual,CA,ON,NORTH YORK,FEMALE,Single,STUDENT,unknown,0.0,23.397672826830938,1910.0,unknown,unknown,0.0,0.0,0.0,,0.0,0.0,1,979.33,0.0,0.0,2549.82,0.0,0.23404255319148937,student,0
39,SYNID0200804387,0.10603282777351147,smallbusiness,CA,BC,BURNABY,unknown,unknown,unknown,unknown,0.0,,4693.0,7215,Holding Companies,0.0,0.0,4764.0,71.0,0.0,0.0,0,0.0,0.0,0.0,4307.75,0.0,0.0,,0
40,SYNID0101538202,0.10556214050434151,individual,CA,ON,BRANTFORD,FEMALE,Single,SELF_EMPLOYED,unknown,59856.0,59.832991101984945,3686.0,unknown,unknown,0.0,0.0,0.0,,0.0,0.0,1,5899.700000000001,0.0,0.0,0.0,0.0,0.18867924528301888,,0
41,SYNID0104534105,0.10325222010417352,individual,CA,ON,STONEY CREEK,unknown,Single,STUDENT,unknown,0.0,24.292950034223136,2711.0,unknown,unknown,0.0,0.0,0.0,,0.0,0.0,1,7987.37,0.0,0.0,0.0,0.0,0.0,student,0
42,SYNID0200865648,0.09866031739931262,smallbusiness,CA,AB,CALGARY,unknown,unknown,unknown,unknown,0.0,,5611.0,7611,Insurance and Real Estate Agencies,0.0,0.0,5282.0,-329.0,0.0,0.0,0,0.0,0.0,0.0,0.0,3.0,0.0,onboarded <30 days after business founding,0
43,SYNID0107956846,0.09724716919242887,individual,CA,ON,CHATHAM,MALE,unknown,OTHER,unknown,125551.0,40.24640657084189,4252.0,unknown,unknown,0.0,0.0,0.0,,0.0,0.0,1,11458.84,0.0,0.0,4708.31,0.0,0.1506849315068493,high EMT volume (top 10%),0
44,SYNID0107832828,0.09435671175184464,individual,CA,ON,SCARBOROUGH,MALE,Single,STUDENT,unknown,0.0,20.095824777549623,834.0,unknown,unknown,0.0,0.0,0.0,,0.0,0.0,1,24572.16,0.0,0.0,0.0,0.0,0.0,student; high EMT volume (top 10%),1
45,SYNID0200306637,0.09434703086053779,smallbusiness,CA,unknown,other,unknown,unknown,unknown,unknown,0.0,,3152.0,7771,Management Consulting Services,0.0,0.0,3471.0,319.0,0.0,0.0,0,0.0,0.0,0.0,0.0,34.0,1.0,30%+ foreign card transactions; high cheque activity (top 10%),0
46,SYNID0102686451,0.08892375816432352,individual,CA,ON,RICHMOND HILL,unknown,Unknown,10019,Other administrative services managers,16.0,36.290212183436005,629.0,unknown,unknown,0.0,0.0,0.0,,0.0,0.0,1,3491.8100000000004,3.0,11427.539999999999,4529.45,2.0,0.21921921921921922,has wire transfers,0
47,SYNID0200492497,0.08467277304168698,smallbusiness,CA,ON,BRAMPTON,unknown,unknown,unknown,unknown,0.0,,818.0,Other,unknown,0.0,0.0,926.0,108.0,0.0,0.0,0,341.46,0.0,0.0,0.0,0.0,0.0,,0
48,SYNID0109305223,0.08340920481418831,individual,CA,AB,FORT MCMURRAY,FEMALE,unknown,85110,Mine labourers,71030.0,34.76796714579056,4280.0,unknown,unknown,0.0,0.0,0.0,,0.0,0.0,1,1636.06,0.0,0.0,3714.02,0.0,1.0,30%+ foreign card transactions,0
49,SYNID0105239761,0.08035423033393287,individual,CA,ON,OAKVILLE,MALE,Single,313,Nursing and allied health professionals,0.0,25.749486652977414,1951.0,unknown,unknown,0.0,0.0,0.0,,0.0,0.0,1,2798.66,0.0,0.0,2569.0099999999998,0.0,0.34615384615384615,30%+ foreign card transactions,0
50,SYNID0103983894,0.07288266711291268,individual,CA,ON,SCARBOROUGH,FEMALE,Married,64409,Other customer and information services representatives,0.0,46.07529089664613,,unknown,unknown,0.0,0.0,0.0,,0.0,0.0,1,500.74,3.0,2640.97,390.04999999999995,1.0,0.18181818181818182,has wire transfers,0
51,SYNID0104498692,0.07193820329744585,individual,CA,ON,KITCHENER,unknown,Single,SELF_EMPLOYED,unknown,58402.0,30.373716632443532,2392.0,unknown,unknown,0.0,0.0,0.0,,0.0,0.0,1,13444.64,0.0,0.0,3878.46,0.0,0.2222222222222222,high EMT volume (top 10%),0
52,SYNID0200810872,0.0707045433842213,smallbusiness,CA,unknown,other,unknown,unknown,unknown,unknown,0.0,,6427.0,4499,Other Services Incidental to Construction n.e.c.,2.0,133625.0,6499.0,72.0,66812.5,0.0,0,7253.13,0.0,0.0,9037.02,0.0,0.0,high EFT outflows (top 10%),0
53,SYNID0200317046,0.0700685535558793,smallbusiness,CA,unknown,other,unknown,unknown,unknown,unknown,0.0,,727.0,4261,Electrical Work,0.0,0.0,739.0,12.0,0.0,0.0,0,0.0,0.0,0.0,4804.93,0.0,0.0,onboarded <30 days after business founding,0
54,SYNID0107676830,0.06536000357272387,individual,CA,BC,KELOWNA,MALE,Single,64410,Security guards and related security service occupations,9.0,39.4715947980835,12354.0,unknown,unknown,0.0,0.0,0.0,,0.0,0.0,1,0.0,1.0,78.17,0.0,0.0,0.0,has wire transfers,0
55,SYNID0105060385,0.06469665844540906,individual,CA,ON,TORONTO,MALE,unknown,9201,"Supervisors, processing and manufacturing occupations",0.0,27.329226557152634,670.0,unknown,unknown,0.0,0.0,0.0,,0.0,0.0,1,0.0,0.0,0.0,0.0,0.0,0.3333333333333333,30%+ foreign card transactions,0
56,SYNID0107477605,0.06457938275997005,individual,CA,ON,THUNDER BAY,FEMALE,Single,OTHER,unknown,0.0,22.751540041067763,1923.0,unknown,unknown,0.0,0.0,0.0,,0.0,0.0,1,2031.8799999999999,0.0,0.0,78.36,0.0,0.391304347826087,30%+ foreign card transactions,0
57,SYNID0104573393,0.0633868830701602,individual,CA,ON,BURLINGTON,unknown,Single,14102,Personnel clerks,9.0,25.00205338809035,1469.0,unknown,unknown,0.0,0.0,0.0,,0.0,0.0,1,8146.92,0.0,0.0,0.0,0.0,0.16666666666666666,,0
58,SYNID0200496198,0.06283583212822297,smallbusiness,CA,BC,NORTH VANCOUVER,unknown,unknown,unknown,unknown,0.0,,3319.0,9821,Business Associations,0.0,261478.0,3408.0,89.0,0.0,0.0,0,0.0,0.0,0.0,22846.63,2.0,0.0,high EFT outflows (top 10%),0
59,SYNID0108747866,0.06239566680047796,individual,CA,unknown,other,FEMALE,Single,OTHER,unknown,76634.0,51.45242984257358,5092.0,unknown,unknown,0.0,0.0,0.0,,0.0,0.0,1,1915.5900000000001,0.0,0.0,274.88,1.0,0.15757575757575756,,0
60,SYNID0100727657,0.06182060724218643,individual,CA,ON,MARKHAM,FEMALE,Married,SELF_EMPLOYED,unknown,59365.0,31.51813826146475,1882.0,unknown,unknown,0.0,0.0,0.0,,0.0,0.0,1,11612.380000000001,0.0,0.0,1312.82,0.0,0.20270270270270271,high EMT volume (top 10%),0
61,SYNID0101640520,0.06007199066983501,individual,CA,BC,VICTORIA,MALE,Single,STUDENT,unknown,8.0,25.23750855578371,2681.0,unknown,unknown,0.0,0.0,0.0,,0.0,0.0,1,1547.29,0.0,0.0,3082.1899999999996,0.0,0.5,student; 30%+ foreign card transactions,0
62,SYNID0106952086,0.05996387273790932,individual,CA,BC,VANCOUVER,MALE,Married,73300,Transport truck drivers,0.0,35.76728268309377,3644.0,unknown,unknown,0.0,0.0,0.0,,0.0,0.0,1,24515.26,0.0,0.0,1369.5800000000002,1.0,0.17647058823529413,high EMT volume (top 10%),0
63,SYNID0200906923,0.05909676883172407,smallbusiness,CA,BC,SURREY,unknown,unknown,unknown,unknown,0.0,,844.0,6312,Automobile (Used) Dealers,4.0,0.0,1481.0,637.0,0.0,0.0,0,0.0,0.0,0.0,155.94,82.0,1.0,employees but zero revenue; 30%+ foreign card transactions; high cheque activity (top 10%),0
64,SYNID0104024044,0.05904163868678005,individual,CA,ON,WATERLOO,unknown,Married,7201,"Contractors and supervisors, technical industrial, electrical and construction trades and related workers",86373.0,41.71663244353183,2416.0,unknown,unknown,0.0,0.0,0.0,,0.0,0.0,1,0.0,0.0,0.0,0.0,0.0,0.14354066985645933,,0
65,SYNID0109892016,0.05821511657717735,individual,CA,QC,LAVAL,FEMALE,Married,SELF_EMPLOYED,unknown,102866.0,75.32648870636551,12239.0,unknown,unknown,0.0,0.0,0.0,,0.0,0.0,1,0.0,1.0,852.95,306.63,12.0,0.23469387755102042,has wire transfers; high cheque activity (top 10%),0
66,SYNID0100987831,0.057960425125073906,individual,CA,ON,SUDBURY,MALE,unknown,41200,University professors and lecturers,0.0,31.78097193702943,3218.0,unknown,unknown,0.0,0.0,0.0,,0.0,0.0,1,1328.1000000000001,0.0,0.0,0.0,0.0,0.5,30%+ foreign card transactions,0
67,SYNID0101594969,0.05770658551114967,individual,CA,MB,BRANDON,FEMALE,Single,63200,Cooks,0.0,23.849418206707735,2451.0,unknown,unknown,0.0,0.0,0.0,,0.0,0.0,1,1589.55,0.0,0.0,487.59000000000003,0.0,0.2962962962962963,,0
68,SYNID0200794066,0.0572942365947457,smallbusiness,CA,ON,SCARBOROUGH,unknown,unknown,unknown,unknown,0.0,,3853.0,7611,Insurance and Real Estate Agencies,1.0,0.0,3963.0,110.0,0.0,0.0,0,6550.150000000001,0.0,0.0,0.0,4.0,0.0,employees but zero revenue,0
69,SYNID0200856288,0.053139801576244115,smallbusiness,CA,QC,MONTREAL,unknown,unknown,unknown,unknown,0.0,,,7731,Offices of Chartered and Certified Accountants,2.0,64463.0,4434.0,,32231.5,0.0,0,0.0,0.0,0.0,249.5,4.0,0.5,30%+ foreign card transactions,0
70,SYNID0104838780,0.0529413471322003,individual,CA,ON,TORONTO,MALE,unknown,63100,Insurance agents and brokers,78495.0,,2414.0,unknown,unknown,0.0,0.0,0.0,,0.0,0.0,1,9432.67,0.0,0.0,1340.75,3.0,0.17842323651452283,high EMT volume (top 10%),0
71,SYNID0109602889,0.051823314196161284,individual,CA,ON,ETOBICOKE,MALE,Married,11101,Financial and investment analysts,107944.0,34.33538672142368,2736.0,unknown,unknown,0.0,0.0,0.0,,0.0,0.0,1,86.92,0.0,0.0,46.39,0.0,0.1891025641025641,,0
72,SYNID0100320080,0.046144141010674725,individual,CA,NB,FREDERICTON,FEMALE,Single,11100,Financial auditors and accountants,0.0,29.557837097878167,1828.0,unknown,unknown,0.0,0.0,0.0,,0.0,0.0,1,4734.21,0.0,0.0,729.3399999999999,0.0,0.25,,0
73,SYNID0102853704,0.04588873438729898,individual,CA,ON,TORONTO,unknown,Single,63100,Insurance agents and brokers,92548.0,32.68446269678302,10283.0,unknown,unknown,0.0,0.0,0.0,,0.0,0.0,1,5614.99,0.0,0.0,242.7,0.0,0.19642857142857142,,0
74,SYNID0109776271,0.045464623344918534,individual,CA,BC,NORTH VANCOUVER,unknown,Single,63202,Bakers,0.0,,2624.0,unknown,unknown,0.0,0.0,0.0,,0.0,0.0,1,7603.43,0.0,0.0,2188.36,0.0,0.23076923076923078,,0
75,SYNID0103426177,0.0451729655077119,individual,CA,NB,FREDERICTON,MALE,Single,73300,Transport truck drivers,0.0,27.890485968514717,1206.0,unknown,unknown,0.0,0.0,0.0,,0.0,0.0,1,705.26,0.0,0.0,3774.74,0.0,0.2018348623853211,,0
76,SYNID0109083503,0.044838342380476674,individual,CA,ON,ANCASTER,MALE,Single,11102,Financial advisors,68440.0,32.84599589322382,2976.0,unknown,unknown,0.0,0.0,0.0,,0.0,0.0,1,3798.09,0.0,0.0,672.28,12.0,1.0,30%+ foreign card transactions; high cheque activity (top 10%),0
77,SYNID0200339926,0.04428407974503776,smallbusiness,CA,unknown,other,unknown,unknown,unknown,unknown,0.0,,4580.0,8699,Other Health and Social Service Associations and Agencies,5.0,0.0,4621.0,41.0,0.0,0.0,0,0.0,0.0,0.0,17137.2,3.0,1.0,employees but zero revenue; high EFT outflows (top 10%); 30%+ foreign card transactions,0
78,SYNID0107012183,0.04356847179157123,individual,CA,unknown,other,MALE,Single,60010,Corporate sales managers,89642.0,38.450376454483234,9119.0,unknown,unknown,0.0,0.0,0.0,,0.0,0.0,1,12034.46,0.0,0.0,0.0,0.0,0.2,high EMT volume (top 10%),0
79,SYNID0200635875,0.04344398857914499,smallbusiness,CA,ON,WATERLOO,unknown,unknown,unknown,unknown,0.0,,791.0,7771,Management Consulting Services,0.0,0.0,832.0,41.0,0.0,0.0,0,3755.3900000000003,0.0,0.0,1668.98,0.0,0.0,,0
80,SYNID0103233499,0.04035237660911341,individual,CA,ON,BRANTFORD,FEMALE,unknown,10019,Other administrative services managers,55096.0,29.111567419575632,2361.0,unknown,unknown,0.0,0.0,0.0,,0.0,0.0,1,297.2,0.0,0.0,639.3,0.0,0.25,,0
81,SYNID0104397912,0.03952872398587471,individual,CA,QC,MONTREAL,MALE,Unknown,STUDENT,unknown,10.0,22.417522245037645,1423.0,unknown,unknown,0.0,0.0,0.0,,0.0,0.0,1,8589.460000000001,0.0,0.0,4673.2,1.0,0.6666666666666666,student; 30%+ foreign card transactions,0
82,SYNID0104152778,0.03950953629517438,individual,CA,NS,DARTMOUTH,FEMALE,unknown,6531,Cleaners,0.0,27.679671457905545,808.0,unknown,unknown,0.0,0.0,0.0,,0.0,0.0,1,9936.990000000002,0.0,0.0,0.0,4.0,0.17777777777777778,high EMT volume (top 10%),0
83,SYNID0107087610,0.03940190524872204,individual,CA,ON,SCARBOROUGH,FEMALE,unknown,OTHER,unknown,48516.0,45.204654346338124,3427.0,unknown,unknown,0.0,0.0,0.0,,0.0,0.0,1,14929.08,0.0,0.0,0.0,0.0,0.2,high EMT volume (top 10%),0
84,SYNID0108850119,0.0389499389849752,individual,CA,ON,TORONTO,FEMALE,Single,STUDENT,unknown,10.0,17.60438056125941,6074.0,unknown,unknown,0.0,0.0,0.0,,0.0,0.0,1,0.0,0.0,0.0,0.0,0.0,0.3076923076923077,student; 30%+ foreign card transactions,0
85,SYNID0102647424,0.038415053594811226,individual,CA,ON,SUDBURY,MALE,unknown,10019,Other administrative services managers,0.0,39.31553730321698,776.0,unknown,unknown,0.0,0.0,0.0,,0.0,0.0,1,6046.55,0.0,0.0,2453.87,9.0,0.5,30%+ foreign card transactions; high cheque activity (top 10%),0
86,SYNID0104402005,0.038041257995426334,individual,CA,ON,COBOURG,unknown,Single,641,Retail salespersons and non-technical wholesale trade sales and account representatives,66178.0,27.630390143737166,1649.0,unknown,unknown,0.0,0.0,0.0,,0.0,0.0,1,12947.130000000001,0.0,0.0,4211.41,1.0,0.2,high EMT volume (top 10%),0
87,SYNID0108181100,0.037560291921726295,individual,CA,MB,WINNIPEG,FEMALE,Unknown,60010,Corporate sales managers,0.0,24.856947296372347,870.0,unknown,unknown,0.0,0.0,0.0,,0.0,0.0,1,5493.58,0.0,0.0,3935.08,0.0,0.2857142857142857,,0
88,SYNID0105430242,0.03676121738212907,individual,CA,ON,BOWMANVILLE,MALE,Single,OTHER,unknown,0.0,30.663928815879533,2977.0,unknown,unknown,0.0,0.0,0.0,,0.0,0.0,1,2998.75,0.0,0.0,12961.2,0.0,0.0784313725490196,high EFT outflows (top 10%),0
89,SYNID0106918325,0.035367664338324833,individual,CA,ON,KINGSTON,FEMALE,Divorced,7410,Mail and message distribution occupations,63725.0,55.54277891854894,6700.0,unknown,unknown,0.0,0.0,0.0,,0.0,0.0,1,3609.52,0.0,0.0,2553.57,0.0,0.20212765957446807,,0
90,SYNID0200906997,0.03521895983180961,smallbusiness,CA,AB,EDMONTON,unknown,unknown,unknown,unknown,0.0,,7768.0,7215,Holding Companies,2.0,0.0,7968.0,200.0,0.0,0.0,0,0.0,0.0,0.0,21996.65,1.0,0.0,employees but zero revenue; high EFT outflows (top 10%),0
91,SYNID0102810118,0.03474280391988433,individual,CA,ON,BELLEVILLE,MALE,unknown,73300,Transport truck drivers,0.0,22.819986310746064,757.0,unknown,unknown,0.0,0.0,0.0,,0.0,0.0,1,10711.11,0.0,0.0,0.0,0.0,0.2191780821917808,high EMT volume (top 10%),0
92,SYNID0108259070,0.03129615397145659,individual,CA,NS,HALIFAX,FEMALE,Single,OTHER,unknown,26907.0,27.72347707049966,6805.0,unknown,unknown,0.0,0.0,0.0,,0.0,0.0,1,1514.07,0.0,0.0,2098.7000000000003,0.0,0.3125,30%+ foreign card transactions,0
93,SYNID0109583272,0.031134551920341126,individual,CA,BC,NEW WESTMINSTER,FEMALE,Single,42101,Firefighters,0.0,22.55441478439425,2643.0,unknown,unknown,0.0,0.0,0.0,,0.0,0.0,1,9044.89,0.0,0.0,552.1800000000001,2.0,0.2,,0
94,SYNID0102039096,0.031049738481197974,individual,CA,ON,AJAX,unknown,Single,63101,Real estate agents and salespersons,69039.0,41.360711841204655,8767.0,unknown,unknown,0.0,0.0,0.0,,0.0,0.0,1,9132.22,0.0,0.0,9185.210000000001,0.0,0.3333333333333333,high EFT outflows (top 10%); 30%+ foreign card transactions,0
95,SYNID0102320988,0.030780456671690496,individual,CA,ON,ETOBICOKE,MALE,Married,SELF_EMPLOYED,unknown,0.0,41.05133470225873,1070.0,unknown,unknown,0.0,0.0,0.0,,0.0,0.0,1,10661.5,0.0,0.0,43.9,1.0,0.5,high EMT volume (top 10%); 30%+ foreign card transactions,0
96,SYNID0104515436,0.03045762801550161,individual,CA,unknown,other,FEMALE,unknown,22220,Computer network and web technicians,68629.0,59.08829568788501,5921.0,unknown,unknown,0.0,0.0,0.0,,0.0,0.0,1,1122.72,2.0,3607.45,0.0,0.0,0.21739130434782608,has wire transfers,0
97,SYNID0104060587,0.030397939173627604,individual,CA,ON,AJAX,unknown,Married,RETIRED,unknown,84463.0,69.160848733744,9502.0,unknown,unknown,0.0,0.0,0.0,,0.0,0.0,1,10804.15,3.0,6576.500000000001,3579.05,1.0,0.22807017543859648,has wire transfers; high EMT volume (top 10%),0
98,SYNID0103012892,0.02766123632490017,individual,CA,AB,CALGARY,MALE,Single,OTHER,unknown,56683.0,32.941820670773446,4314.0,unknown,unknown,0.0,0.0,0.0,,0.0,0.0,1,7527.34,0.0,0.0,4274.7,0.0,0.2169811320754717,,0
99,SYNID0105068901,0.027633293805292777,individual,CA,BC,PRINCE GEORGE,MALE,Married,313,Nursing and allied health professionals,116064.0,55.85763175906913,5962.0,unknown,unknown,0.0,0.0,0.0,,0.0,0.0,1,7635.110000000001,0.0,0.0,2736.7999999999997,3.0,0.18719211822660098,,0
100,SYNID0200356197,0.027631779669881718,smallbusiness,CA,ON,LONDON,unknown,unknown,unknown,unknown,0.0,,,Other,unknown,1.0,23233.0,14249.0,,23233.0,0.0,0,0.0,0.0,0.0,0.0,1.0,0.375,30%+ foreign card transactions,0
101,SYNID0105185546,0.027491039483333788,individual,CA,ON,TORONTO,MALE,Married,OTHER,unknown,171140.0,52.46269678302532,5761.0,unknown,unknown,0.0,0.0,0.0,,0.0,0.0,1,7204.28,0.0,0.0,398.48,0.0,0.16299559471365638,,0
102,SYNID0200937322,0.027343474356104926,smallbusiness,CA,ON,SUDBURY,unknown,unknown,unknown,unknown,0.0,,4350.0,7599,Other Real Estate Operators,2.0,117490.0,3809.0,-541.0,58745.0,0.0,0,3606.01,0.0,0.0,224.99,4.0,1.0,onboarded <30 days after business founding; 30%+ foreign card transactions,0
103,SYNID0102091268,0.026850421564733433,individual,CA,ON,SCARBOROUGH,MALE,Single,73300,Transport truck drivers,74845.0,30.05886379192334,2366.0,unknown,unknown,0.0,0.0,0.0,,0.0,0.0,1,1667.09,0.0,0.0,1087.88,7.0,0.1595744680851064,,0
104,SYNID0102729361,0.02680259292273087,individual,CA,AB,EDMONTON,MALE,Single,STUDENT,unknown,8.0,27.315537303216974,748.0,unknown,unknown,0.0,0.0,0.0,,0.0,0.0,1,2293.3,0.0,0.0,2159.8500000000004,1.0,0.15789473684210525,student,0
105,SYNID0103839207,0.02648688017956427,individual,CA,ON,TORONTO,FEMALE,Single,60010,Corporate sales managers,0.0,29.593429158110883,3056.0,unknown,unknown,0.0,0.0,0.0,,0.0,0.0,1,14334.82,0.0,0.0,4626.41,3.0,0.0,high EMT volume (top 10%),0
106,SYNID0102391614,0.025476657795178603,individual,CA,SK,SASKATOON,MALE,Single,10011,Human resources managers,43092.0,32.91991786447639,3475.0,unknown,unknown,0.0,0.0,0.0,,0.0,0.0,1,7576.72,0.0,0.0,3061.47,0.0,0.19230769230769232,,0
107,SYNID0100718951,0.025369151108035826,individual,CA,ON,SCARBOROUGH,FEMALE,Unknown,7230,"Plumbers, pipefitters and gas fitters",0.0,26.55441478439425,497.0,unknown,unknown,0.0,0.0,0.0,,0.0,0.0,1,14438.869999999999,0.0,0.0,0.0,1.0,0.13333333333333333,high EMT volume (top 10%),0
108,SYNID0109214068,0.0253487031119839,individual,CA,ON,AJAX,FEMALE,unknown,STUDENT,unknown,0.0,23.186858316221766,1342.0,unknown,unknown,0.0,0.0,0.0,,0.0,0.0,1,750.5899999999999,0.0,0.0,748.96,0.0,0.1111111111111111,student,0
109,SYNID0101006767,0.02505583102692278,individual,CA,ON,MISSISSAUGA,MALE,Single,10019,Other administrative services managers,93706.0,48.23545516769336,7402.0,unknown,unknown,0.0,0.0,0.0,,0.0,0.0,1,21034.28,0.0,0.0,3508.1,1.0,0.35714285714285715,high EMT volume (top 10%); 30%+ foreign card transactions,0
110,SYNID0108091332,0.024185966594683746,individual,CA,ON,TORONTO,FEMALE,Single,STUDENT,unknown,0.0,27.55920602327173,1665.0,unknown,unknown,0.0,0.0,0.0,,0.0,0.0,1,4036.76,0.0,0.0,392.54,0.0,0.0,student,0
111,SYNID0109319576,0.02392416082390183,individual,CA,MB,WINNIPEG,MALE,Married,OTHER,unknown,79811.0,36.62696783025325,4034.0,unknown,unknown,0.0,0.0,0.0,,0.0,0.0,1,265.89,0.0,0.0,0.0,2.0,0.1693121693121693,,0
112,SYNID0108335542,0.02237696561743033,individual,CA,BC,VANCOUVER,unknown,Single,73300,Transport truck drivers,50822.0,25.08145106091718,2259.0,unknown,unknown,0.0,0.0,0.0,,0.0,0.0,1,1131.5900000000001,0.0,0.0,7092.83,1.0,0.5,high EFT outflows (top 10%); 30%+ foreign card transactions,0
113,SYNID0108759141,0.022270465800084592,individual,CA,BC,VICTORIA,FEMALE,Single,95109,"Other labourers in processing, manufacturing and utilities",31301.0,31.238877481177276,2787.0,unknown,unknown,0.0,0.0,0.0,,0.0,0.0,1,8884.64,0.0,0.0,3207.3,0.0,0.1111111111111111,,0
114,SYNID0101871347,0.021773952083799605,individual,CA,MB,WINNIPEG,FEMALE,Unknown,OTHER,unknown,0.0,33.44832306639288,1808.0,unknown,unknown,0.0,0.0,0.0,,0.0,0.0,1,11443.42,0.0,0.0,4726.570000000001,0.0,0.2692307692307692,high EMT volume (top 10%),0
115,SYNID0200875060,0.02112487140048422,smallbusiness,CA,QC,MONTREAL,unknown,unknown,unknown,unknown,0.0,,11509.0,7215,Holding Companies,0.0,0.0,11514.0,5.0,0.0,0.0,0,0.0,0.0,0.0,4120.23,0.0,0.0,onboarded <30 days after business founding,0
116,SYNID0200297130,0.020974393410304732,smallbusiness,CA,ON,TORONTO,unknown,unknown,unknown,unknown,0.0,,6237.0,7799,Other Business Services n.e.c.,2.0,0.0,6726.0,489.0,0.0,0.0,0,0.0,0.0,0.0,0.0,2.0,0.0,employees but zero revenue,0
117,SYNID0101483542,0.020969759543947964,individual,CA,BC,SURREY,FEMALE,Unknown,10019,Other administrative services managers,50811.0,51.38672142368241,1907.0,unknown,unknown,0.0,0.0,0.0,,0.0,0.0,1,341.08,0.0,0.0,0.0,0.0,0.24074074074074073,,0
118,SYNID0104117036,0.020930677769266156,individual,CA,AB,EDMONTON,MALE,unknown,RETIRED,unknown,97742.0,71.23887748117727,4804.0,unknown,unknown,0.0,0.0,0.0,,0.0,0.0,1,0.0,0.0,0.0,5134.01,2.0,0.16964285714285715,,0
119,SYNID0109214779,0.020892735737665133,individual,CA,ON,BRAMPTON,FEMALE,Unknown,10019,Other administrative services managers,0.0,23.83025325119781,1041.0,unknown,unknown,0.0,0.0,0.0,,0.0,0.0,1,3713.6900000000005,0.0,0.0,553.3100000000001,0.0,0.0,,0
120,SYNID0108582985,0.02072647494112519,individual,CA,ON,ETOBICOKE,FEMALE,Unknown,STUDENT,unknown,0.0,27.876796714579054,538.0,unknown,unknown,0.0,0.0,0.0,,0.0,0.0,1,2722.02,0.0,0.0,0.0,0.0,0.13043478260869565,student,0
121,SYNID0107954373,0.02030770724510912,individual,CA,AB,EDMONTON,FEMALE,Married,21321,Industrial and manufacturing engineers,61927.0,59.93976728268309,,unknown,unknown,0.0,0.0,0.0,,0.0,0.0,1,21115.14,0.0,0.0,1823.4099999999999,14.0,0.13333333333333333,high EMT volume (top 10%); high cheque activity (top 10%),0
122,SYNID0107228791,0.020218572122435295,individual,CA,ON,LONDON,FEMALE,Single,SELF_EMPLOYED,unknown,0.0,31.822039698836413,,unknown,unknown,0.0,0.0,0.0,,0.0,0.0,1,217.07,0.0,0.0,0.0,0.0,0.24,,0
123,SYNID0200734404,0.020138998328117858,smallbusiness,CA,unknown,other,unknown,unknown,unknown,unknown,0.0,,11892.0,4561,General Freight Trucking Industry,4.300996935476365,244909.0,12037.0,145.0,56942.37956318716,0.0,0,42650.98,0.0,0.0,98092.33,0.0,0.6666666666666666,high EMT volume (top 10%); high EFT outflows (top 10%); 30%+ foreign card transactions,0
124,SYNID0106500268,0.020121400021043467,individual,CA,ON,ETOBICOKE,MALE,Married,60010,Corporate sales managers,128348.0,38.41478439425051,2370.0,unknown,unknown,0.0,0.0,0.0,,0.0,0.0,1,13937.51,0.0,0.0,1097.16,0.0,0.0,high EMT volume (top 10%),0
125,SYNID0200964390,0.01980439499935461,smallbusiness,CA,unknown,other,unknown,unknown,unknown,unknown,0.0,,4104.0,8651,"Offices of Physicians, General Practice",2.0,350406.0,4505.0,401.0,175203.0,0.0,0,4351.56,0.0,0.0,30660.83,10.0,0.29411764705882354,high EFT outflows (top 10%); high cheque activity (top 10%),0
126,SYNID0100800332,0.01955097506149498,individual,CA,BC,ABBOTSFORD,MALE,Married,65100,Cashiers,0.0,54.33538672142368,2929.0,unknown,unknown,0.0,0.0,0.0,,0.0,0.0,1,0.0,0.0,0.0,123.28,0.0,1.0,30%+ foreign card transactions,0
127,SYNID0100464320,0.019472793789243586,individual,CA,ON,OAKVILLE,FEMALE,Single,70010,Construction managers,94776.0,28.23545516769336,4342.0,unknown,unknown,0.0,0.0,0.0,,0.0,0.0,1,102.87,0.0,0.0,1582.85,0.0,0.175,,0
128,SYNID0200268286,0.019342291721833597,smallbusiness,CA,NB,FREDERICTON,unknown,unknown,unknown,unknown,0.0,,12504.0,9953,Janitorial Services,15.0,601275.0,16091.0,3587.0,40085.0,0.0,0,0.0,0.0,0.0,0.0,1.0,0.43670886075949367,30%+ foreign card transactions,0
129,SYNID0106194127,0.018320247418394237,individual,CA,AB,MEDICINE HAT,FEMALE,Single,7201,"Contractors and supervisors, technical industrial, electrical and construction trades and related workers",51023.0,24.92539356605065,2161.0,unknown,unknown,0.0,0.0,0.0,,0.0,0.0,1,11463.85,0.0,0.0,1382.7600000000002,1.0,0.10526315789473684,high EMT volume (top 10%),0
130,SYNID0100247065,0.018005633404595673,individual,CA,AB,EDMONTON,FEMALE,Single,0,Legislative and senior management occupations,23278.0,47.723477070499655,803.0,unknown,unknown,0.0,0.0,0.0,,0.0,0.0,1,0.0,0.0,0.0,0.0,0.0,0.0,,0
131,SYNID0103448882,0.017963629946401508,individual,CA,ON,LONDON,FEMALE,Single,10019,Other administrative services managers,0.0,47.54277891854894,5870.0,unknown,unknown,0.0,0.0,0.0,,0.0,0.0,1,0.0,0.0,0.0,0.0,0.0,0.1619047619047619,,0
132,SYNID0107335388,0.01795115391164379,individual,CA,ON,OTTAWA,FEMALE,Unknown,313,Nursing and allied health professionals,0.0,26.90485968514716,1417.0,unknown,unknown,0.0,0.0,0.0,,0.0,0.0,1,12278.16,0.0,0.0,2151.05,0.0,0.0,high EMT volume (top 10%),0
133,SYNID0200232685,0.017454166849404294,smallbusiness,CA,ON,COLLINGWOOD,unknown,unknown,unknown,unknown,0.0,,1195.0,7761,Offices of Lawyers and Notaries,1.0,70156.0,6039.0,4844.0,70156.0,0.0,0,4933.39,0.0,0.0,0.0,14.0,1.0,30%+ foreign card transactions; high cheque activity (top 10%),0
134,SYNID0200875219,0.01725063217816709,smallbusiness,CA,unknown,other,unknown,unknown,unknown,unknown,0.0,,6487.0,Other,unknown,0.0,52917.0,7054.0,567.0,0.0,0.0,0,0.0,0.0,0.0,0.0,0.0,0.3333333333333333,30%+ foreign card transactions,0
135,SYNID0100527405,0.016793269609432563,individual,CA,QC,MONTREAL,MALE,Single,OTHER,unknown,115459.0,45.4154688569473,,unknown,unknown,0.0,0.0,0.0,,0.0,0.0,1,0.0,0.0,0.0,0.0,0.0,0.2222222222222222,,0
136,SYNID0103444772,0.016503654228191722,individual,CA,ON,BRAMPTON,FEMALE,unknown,OTHER,unknown,13.0,20.670773442847366,678.0,unknown,unknown,0.0,0.0,0.0,,0.0,0.0,1,638.53,0.0,0.0,8130.28,0.0,0.13333333333333333,high EFT outflows (top 10%),0
137,SYNID0108026818,0.016416774760923018,individual,CA,ON,STITTSVILLE,FEMALE,Single,65200,Food and beverage servers,54050.0,29.73305954825462,2762.0,unknown,unknown,0.0,0.0,0.0,,0.0,0.0,1,7213.81,0.0,0.0,2912.62,4.0,0.16666666666666666,,0
138,SYNID0100535488,0.01641305997379969,individual,CA,AB,CALGARY,FEMALE,Unknown,SELF_EMPLOYED,unknown,74954.0,60.41889117043121,8841.0,unknown,unknown,0.0,0.0,0.0,,0.0,0.0,1,400.75,1.0,801.31,1345.12,6.0,0.14285714285714285,has wire transfers,0
139,SYNID0104320132,0.015977190780034296,individual,CA,MB,WINNIPEG,MALE,Single,STUDENT,unknown,15.0,25.533196440793976,1364.0,unknown,unknown,0.0,0.0,0.0,,0.0,0.0,1,3040.8,0.0,0.0,708.34,0.0,0.0,student,0
140,SYNID0105605898,0.015682338865022676,individual,CA,MB,WINNIPEG,FEMALE,unknown,OTHER,unknown,0.0,28.1533196440794,752.0,unknown,unknown,0.0,0.0,0.0,,0.0,0.0,1,3845.63,0.0,0.0,0.0,1.0,0.17699115044247787,,0
141,SYNID0106147025,0.015356155037553625,individual,CA,unknown,other,unknown,Single,11100,Financial auditors and accountants,78712.0,40.77481177275838,5544.0,unknown,unknown,0.0,0.0,0.0,,0.0,0.0,1,43626.049999999996,0.0,0.0,0.0,0.0,0.0,high EMT volume (top 10%),0
142,SYNID0104294031,0.015059869880742916,individual,CA,ON,LONDON,MALE,Single,313,Nursing and allied health professionals,130204.0,34.26694045174538,3550.0,unknown,unknown,0.0,0.0,0.0,,0.0,0.0,1,16028.7,0.0,0.0,8287.29,0.0,0.0,high EMT volume (top 10%); high EFT outflows (top 10%),0
143,SYNID0106166086,0.014971795636861596,individual,CA,PE,CHARLOTTETOWN,MALE,unknown,11102,Financial advisors,0.0,41.270362765229294,1632.0,unknown,unknown,0.0,0.0,0.0,,0.0,0.0,1,2126.59,0.0,0.0,14815.959999999997,0.0,0.125,high EFT outflows (top 10%),0
144,SYNID0102984929,0.014748175636628457,individual,CA,ON,TORONTO,FEMALE,Unknown,STUDENT,unknown,0.0,18.45037645448323,545.0,unknown,unknown,0.0,0.0,0.0,,0.0,0.0,1,0.0,0.0,0.0,0.0,0.0,0.0,student,0
145,SYNID0106724091,0.014675601287741232,individual,CA,BC,VANCOUVER,MALE,Unknown,70010,Construction managers,9.0,23.616700889801507,2287.0,unknown,unknown,0.0,0.0,0.0,,0.0,0.0,1,174.78000000000003,0.0,0.0,218.95,1.0,0.6666666666666666,30%+ foreign card transactions,0
146,SYNID0104427303,0.014618425986962466,individual,CA,unknown,other,MALE,Single,10019,Other administrative services managers,15.0,25.95482546201232,709.0,unknown,unknown,0.0,0.0,0.0,,0.0,0.0,1,4278.34,0.0,0.0,4182.72,0.0,0.22641509433962265,,0
147,SYNID0105544912,0.014576695995182177,individual,CA,ON,TORONTO,MALE,Married,14100,General office support workers,0.0,33.661875427789184,820.0,unknown,unknown,0.0,0.0,0.0,,0.0,0.0,1,1883.5100000000002,0.0,0.0,0.0,0.0,0.17142857142857143,,0
148,SYNID0104665761,0.01415032423818399,individual,CA,ON,MISSISSAUGA,FEMALE,Single,UNEMPLOYED,unknown,0.0,,,unknown,unknown,0.0,0.0,0.0,,0.0,0.0,1,0.0,0.0,0.0,0.0,0.0,0.5,unemployed; 30%+ foreign card transactions,0
149,SYNID0105947382,0.014014586540215986,individual,CA,ON,HAMILTON,MALE,Single,3211,Technical occupations in dental health care,27397.0,47.46611909650924,6239.0,unknown,unknown,0.0,0.0,0.0,,0.0,0.0,1,0.0,0.0,0.0,0.0,0.0,0.2,,0
150,SYNID0200380018,0.013917297700425714,smallbusiness,CA,ON,LONDON,unknown,unknown,unknown,unknown,0.0,,7432.0,7215,Holding Companies,1.0,0.0,7436.0,4.0,0.0,0.0,0,0.0,0.0,0.0,33833.04,7.0,0.0,onboarded <30 days after business founding; employees but zero revenue; high EFT outflows (top 10%),0
151,SYNID0102970672,0.013824370934533911,individual,CA,ON,BRAMPTON,FEMALE,unknown,STUDENT,unknown,0.0,26.360027378507873,732.0,unknown,unknown,0.0,0.0,0.0,,0.0,0.0,1,3654.27,0.0,0.0,3779.04,1.0,0.1724137931034483,student,0
152,SYNID0100356999,0.013526961619664803,individual,CA,AB,LEDUC,MALE,unknown,STUDENT,unknown,15.0,21.932922655715263,2438.0,unknown,unknown,0.0,0.0,0.0,,0.0,0.0,1,2816.09,0.0,0.0,901.4,0.0,0.0,student,0
153,SYNID0106070984,0.012973355588489522,individual,CA,ON,HAMILTON,MALE,Married,SELF_EMPLOYED,unknown,0.0,52.92265571526352,1964.0,unknown,unknown,0.0,0.0,0.0,,0.0,0.0,1,508.23,0.0,0.0,1744.03,0.0,0.19911504424778761,,0
154,SYNID0200213351,0.01288459416596841,smallbusiness,CA,BC,TERRACE,unknown,unknown,unknown,unknown,0.0,,5628.0,7742,Media Representatives,1.0,46564.0,5729.0,101.0,46564.0,0.0,0,0.0,0.0,0.0,0.0,6.0,0.0,,0
155,SYNID0103210921,0.01262509860348832,individual,CA,BC,VANCOUVER,MALE,Unknown,41220,Secondary school teachers,0.0,28.473648186173854,542.0,unknown,unknown,0.0,0.0,0.0,,0.0,0.0,1,0.0,0.0,0.0,0.0,0.0,0.0,,0
156,SYNID0105971716,0.012475537127933868,individual,CA,unknown,other,MALE,unknown,7201,"Contractors and supervisors, technical industrial, electrical and construction trades and related workers",121482.0,65.95208761122518,10360.0,unknown,unknown,0.0,0.0,0.0,,0.0,0.0,1,2456.32,2.0,1655.39,252.03,1.0,0.12727272727272726,has wire transfers,0
157,SYNID0104550560,0.012357846806690217,individual,CA,ON,TORONTO,MALE,Single,STUDENT,unknown,11.0,23.43600273785079,2336.0,unknown,unknown,0.0,0.0,0.0,,0.0,0.0,1,1226.7,0.0,0.0,115.09,2.0,0.0,student,0
158,SYNID0100876697,0.012320327173139729,individual,CA,AB,EDMONTON,MALE,Married,SELF_EMPLOYED,unknown,104789.0,58.16290212183436,12501.0,unknown,unknown,0.0,0.0,0.0,,0.0,0.0,1,4248.000000000001,0.0,0.0,0.0,3.0,0.6666666666666666,30%+ foreign card transactions,0
159,SYNID0104011970,0.012189004132448647,individual,CA,AB,SHERWOOD PARK,FEMALE,Married,10010,Financial managers,138602.0,58.82546201232033,,unknown,unknown,0.0,0.0,0.0,,0.0,0.0,1,8552.03,0.0,0.0,2268.68,0.0,0.18032786885245902,,0
160,SYNID0104388213,0.012160311635942363,individual,CA,NL,PARADISE,unknown,Married,RETIRED,unknown,0.0,68.63518138261465,5713.0,unknown,unknown,0.0,0.0,0.0,,0.0,0.0,1,0.0,0.0,0.0,1210.1,0.0,0.2231404958677686,,0
161,SYNID0108671357,0.012032963875427903,individual,CA,ON,TORONTO,MALE,Single,SELF_EMPLOYED,unknown,112474.0,31.88501026694045,1125.0,unknown,unknown,0.0,0.0,0.0,,0.0,0.0,1,10691.25,0.0,0.0,393.04,4.0,0.16666666666666666,high EMT volume (top 10%),0
162,SYNID0106308721,0.011462266483190467,individual,CA,BC,RICHMOND,FEMALE,unknown,65100,Cashiers,44158.0,,3327.0,unknown,unknown,0.0,0.0,0.0,,0.0,0.0,1,3162.39,0.0,0.0,0.0,0.0,0.0,,0
163,SYNID0104939048,0.011199898101218755,individual,CA,ON,TORONTO,FEMALE,Unknown,OTHER,unknown,0.0,30.305270362765228,1563.0,unknown,unknown,0.0,0.0,0.0,,0.0,0.0,1,1513.57,0.0,0.0,1222.81,0.0,0.17006802721088435,,0
164,SYNID0101837116,0.01116811778742859,individual,CA,ON,TORONTO,FEMALE,Married,131,Administrative occupations,70918.0,39.51266255989049,628.0,unknown,unknown,0.0,0.0,0.0,,0.0,0.0,1,0.0,0.0,0.0,0.0,0.0,0.24528301886792453,,0
165,SYNID0100132893,0.011074212363013088,individual,CA,unknown,other,MALE,Single,SELF_EMPLOYED,unknown,175730.0,42.04517453798768,7367.0,unknown,unknown,0.0,0.0,0.0,,0.0,0.0,1,24409.129999999997,0.0,0.0,2195.5699999999997,0.0,0.1267605633802817,high EMT volume (top 10%),0
166,SYNID0104372071,0.010934307928693373,individual,CA,ON,SCARBOROUGH,MALE,unknown,OTHER,unknown,0.0,62.87200547570158,3219.0,unknown,unknown,0.0,0.0,0.0,,0.0,0.0,1,5933.54,0.0,0.0,0.0,0.0,0.1111111111111111,,0
167,SYNID0105773088,0.010923794167856077,individual,CA,ON,OTTAWA,FEMALE,Married,10010,Financial managers,9.0,43.12662559890486,10297.0,unknown,unknown,0.0,0.0,0.0,,0.0,0.0,1,0.0,0.0,0.0,1786.4099999999999,2.0,1.0,30%+ foreign card transactions,0
168,SYNID0109419019,0.010823087948068976,individual,CA,unknown,other,MALE,Married,63210,Hairstylists and barbers,84397.0,38.2258726899384,3157.0,unknown,unknown,0.0,0.0,0.0,,0.0,0.0,1,33933.55,0.0,0.0,659.56,0.0,0.0,high EMT volume (top 10%),0
169,SYNID0106452716,0.010715135362928917,individual,CA,ON,ANCASTER,MALE,unknown,6004,Managers in customer and personal services,117265.0,39.48528405201917,1819.0,unknown,unknown,0.0,0.0,0.0,,0.0,0.0,1,8330.18,0.0,0.0,1924.45,0.0,0.0,,0
170,SYNID0107026206,0.010340021318336652,individual,CA,QC,MONTREAL,FEMALE,Married,12010,"Supervisors, general office and administrative support workers",0.0,54.64476386036961,2208.0,unknown,unknown,0.0,0.0,0.0,,0.0,0.0,1,976.21,0.0,0.0,0.0,0.0,0.18095238095238095,,0
171,SYNID0103983951,0.010245479472535646,individual,CA,ON,NORTH YORK,MALE,Single,OTHER,unknown,50790.0,50.47227926078029,3747.0,unknown,unknown,0.0,0.0,0.0,,0.0,0.0,1,1441.36,0.0,0.0,2460.78,0.0,0.2037914691943128,,0
172,SYNID0103056066,0.010205826278480257,individual,CA,AB,CALGARY,unknown,Married,OTHER,unknown,111296.0,,6011.0,unknown,unknown,0.0,0.0,0.0,,0.0,0.0,1,17748.54,0.0,0.0,0.0,13.0,0.20754716981132076,high EMT volume (top 10%); high cheque activity (top 10%),0
173,SYNID0104253719,0.01019554249558875,individual,CA,ON,NORTH YORK,FEMALE,unknown,STUDENT,unknown,16.0,19.734428473648187,6569.0,unknown,unknown,0.0,0.0,0.0,,0.0,0.0,1,3106.04,0.0,0.0,0.0,0.0,0.0,student,0
174,SYNID0104052997,0.009996908729614536,individual,CA,BC,KELOWNA,unknown,Married,OTHER,unknown,0.0,30.21218343600274,,unknown,unknown,0.0,0.0,0.0,,0.0,0.0,1,8710.73,0.0,0.0,1013.3800000000001,0.0,0.1991701244813278,,0
175,SYNID0200445595,0.009937692745819493,smallbusiness,CA,unknown,other,unknown,unknown,unknown,unknown,0.0,,7651.0,6012,Food (Specialty) Stores,1.0,124250.0,7104.0,-547.0,124250.0,0.0,0,52790.57,0.0,0.0,0.0,0.0,0.0,onboarded <30 days after business founding; high EMT volume (top 10%),0
176,SYNID0108428066,0.009865589547623316,individual,CA,ON,TORONTO,FEMALE,Unknown,STUDENT,unknown,47486.0,34.46406570841889,,unknown,unknown,0.0,0.0,0.0,,0.0,0.0,1,5824.06,0.0,0.0,235.27,0.0,0.12121212121212122,student,0
177,SYNID0101017738,0.009864777965583663,individual,CA,AB,RED DEER,MALE,Married,OTHER,unknown,97791.0,51.42778918548939,5748.0,unknown,unknown,0.0,0.0,0.0,,0.0,0.0,1,31070.480000000003,0.0,0.0,0.0,0.0,0.0,high EMT volume (top 10%),0
178,SYNID0107569810,0.009737989631732872,individual,CA,unknown,other,FEMALE,Single,10011,Human resources managers,72490.0,49.35797399041752,2072.0,unknown,unknown,0.0,0.0,0.0,,0.0,0.0,1,10895.46,0.0,0.0,118.02,0.0,0.125,high EMT volume (top 10%),0
179,SYNID0108958094,0.009708075304589062,individual,CA,QC,MONTREAL,MALE,unknown,OTHER,unknown,0.0,40.07118412046543,3692.0,unknown,unknown,0.0,0.0,0.0,,0.0,0.0,1,1455.41,0.0,0.0,507.40000000000003,0.0,0.3125,30%+ foreign card transactions,0
180,SYNID0101641713,0.00969864581366012,individual,CA,unknown,other,MALE,Married,RETIRED,unknown,74645.0,65.73853524982889,7110.0,unknown,unknown,0.0,0.0,0.0,,0.0,0.0,1,2799.6000000000004,1.0,1381.81,4142.72,1.0,0.3333333333333333,has wire transfers; 30%+ foreign card transactions,0
181,SYNID0103249136,0.009528912576803173,individual,CA,AB,SHERWOOD PARK,MALE,Married,OTHER,unknown,49303.0,49.4757015742642,6278.0,unknown,unknown,0.0,0.0,0.0,,0.0,0.0,1,5399.83,0.0,0.0,7986.030000000001,0.0,0.16129032258064516,high EFT outflows (top 10%),0
182,SYNID0100489261,0.00930797555059817,individual,CA,ON,OAKVILLE,FEMALE,Married,11102,Financial advisors,0.0,38.97604380561259,4332.0,unknown,unknown,0.0,0.0,0.0,,0.0,0.0,1,125.11,0.0,0.0,871.1000000000001,0.0,0.3333333333333333,30%+ foreign card transactions,0
183,SYNID0101662648,0.009162597771098329,individual,CA,ON,WELLAND,FEMALE,Single,64410,Security guards and related security service occupations,61159.0,39.121149897330596,,unknown,unknown,0.0,0.0,0.0,,0.0,0.0,1,8433.67,0.0,0.0,1062.66,0.0,0.15625,,0
184,SYNID0109032921,0.008924310404183235,individual,CA,unknown,other,MALE,unknown,SELF_EMPLOYED,unknown,95182.0,49.46748802190281,5500.0,unknown,unknown,0.0,0.0,0.0,,0.0,0.0,1,3894.6099999999997,0.0,0.0,5108.4400000000005,1.0,0.1976190476190476,,0
185,SYNID0200916495,0.008870012869222286,smallbusiness,CA,unknown,other,unknown,unknown,unknown,unknown,0.0,,3921.0,7215,Holding Companies,0.0,0.0,4654.0,733.0,0.0,0.0,0,0.0,0.0,0.0,0.0,3.0,0.0,,0
186,SYNID0109693460,0.00880810710625142,individual,CA,ON,MARKHAM,FEMALE,Married,RETIRED,unknown,54801.0,71.57563312799452,8490.0,unknown,unknown,0.0,0.0,0.0,,0.0,0.0,1,3272.0,0.0,0.0,5422.31,0.0,0.16585365853658537,high EFT outflows (top 10%),0
187,SYNID0106249610,0.008761579781635461,individual,CA,NS,DARTMOUTH,MALE,Unknown,STUDENT,unknown,0.0,22.313483915126625,682.0,unknown,unknown,0.0,0.0,0.0,,0.0,0.0,1,0.0,0.0,0.0,0.0,0.0,0.0,student,0
188,SYNID0100436202,0.008695958294347553,individual,CA,ON,NEPEAN,FEMALE,Married,41101,Lawyers and Quebec notaries,0.0,43.7782340862423,4992.0,unknown,unknown,0.0,0.0,0.0,,0.0,0.0,1,7989.650000000001,0.0,0.0,0.0,0.0,0.0,,0
189,SYNID0104817027,0.008544446043200505,individual,CA,BC,VANCOUVER,FEMALE,Single,UNEMPLOYED,unknown,0.0,29.464750171115675,1919.0,unknown,unknown,0.0,0.0,0.0,,0.0,0.0,1,0.0,0.0,0.0,0.0,0.0,0.19047619047619047,unemployed,0
190,SYNID0106623637,0.0085027332674587,individual,CA,ON,BOWMANVILLE,unknown,Married,SELF_EMPLOYED,unknown,28628.0,30.71047227926078,1389.0,unknown,unknown,0.0,0.0,0.0,,0.0,0.0,1,1495.0299999999997,0.0,0.0,0.0,0.0,0.0,,0
191,SYNID0102432608,0.008445268749174516,individual,CA,unknown,other,MALE,Single,UNEMPLOYED,unknown,0.0,31.474332648870636,2361.0,unknown,unknown,0.0,0.0,0.0,,0.0,0.0,1,2013.1100000000001,0.0,0.0,1621.4,0.0,0.17857142857142858,unemployed,0
192,SYNID0107291566,0.008395266489593297,individual,CA,ON,SCARBOROUGH,FEMALE,Married,13100,Administrative officers,116712.0,37.93018480492813,1896.0,unknown,unknown,0.0,0.0,0.0,,0.0,0.0,1,3485.21,0.0,0.0,2157.86,0.0,0.22857142857142856,,0
193,SYNID0101679330,0.008355791825598067,individual,CA,AB,EDMONTON,MALE,Married,313,Nursing and allied health professionals,92663.0,41.44284736481862,1013.0,unknown,unknown,0.0,0.0,0.0,,0.0,0.0,1,6330.85,0.0,0.0,0.0,0.0,0.0,,0
194,SYNID0200093716,0.008300448581056486,smallbusiness,CA,BC,VANCOUVER,unknown,unknown,unknown,unknown,0.0,,,9659,Other Sports and Recreation Clubs,0.0,176437.0,17239.0,,0.0,0.0,0,0.0,0.0,0.0,0.0,6.0,0.0,,0
195,SYNID0108589834,0.00827365415548248,individual,CA,ON,GUELPH,MALE,Single,STUDENT,unknown,0.0,13.908281998631075,,unknown,unknown,0.0,0.0,0.0,,0.0,0.0,1,103.92,0.0,0.0,0.0,0.0,0.0,student,0
196,SYNID0108530587,0.008183496189027023,individual,CA,unknown,other,FEMALE,Single,60010,Corporate sales managers,0.0,29.166324435318277,1727.0,unknown,unknown,0.0,0.0,0.0,,0.0,0.0,1,1564.73,0.0,0.0,1032.24,0.0,0.3333333333333333,30%+ foreign card transactions,0
197,SYNID0105597649,0.00807294461986208,individual,CA,ON,THORNHILL,FEMALE,Married,RETIRED,unknown,69123.0,54.59822039698837,8841.0,unknown,unknown,0.0,0.0,0.0,,0.0,0.0,1,2909.39,0.0,0.0,801.96,0.0,0.15789473684210525,,0
198,SYNID0101355034,0.008027346465312902,individual,CA,ON,OTTAWA,MALE,unknown,OTHER,unknown,43150.0,27.37577002053388,1603.0,unknown,unknown,0.0,0.0,0.0,,0.0,0.0,1,2581.96,0.0,0.0,662.11,0.0,0.25,,0
199,SYNID0103485522,0.008015071714076763,individual,CA,ON,PETERBOROUGH,MALE,Single,RETIRED,unknown,0.0,67.04996577686516,6918.0,unknown,unknown,0.0,0.0,0.0,,0.0,0.0,1,0.0,0.0,0.0,4628.97,0.0,0.4230769230769231,30%+ foreign card transactions,0
200,SYNID0100393015,0.007998092300348023,individual,CA,MB,WINNIPEG,FEMALE,Single,70010,Construction managers,0.0,32.31759069130732,2488.0,unknown,unknown,0.0,0.0,0.0,,0.0,0.0,1,1381.6000000000001,0.0,0.0,2932.1,0.0,0.16666666666666666,,0
201,SYNID0200027516,0.007997395022014747,smallbusiness,CA,BC,VANCOUVER,unknown,unknown,unknown,unknown,0.0,,,9659,Other Sports and Recreation Clubs,5.0,0.0,1634.0,,0.0,0.0,0,442.32,0.0,0.0,0.0,4.0,0.3333333333333333,employees but zero revenue; 30%+ foreign card transactions,0
202,SYNID0200616355,0.007963578452851275,smallbusiness,CA,unknown,other,unknown,unknown,unknown,unknown,0.0,,12011.0,4565,Forest Products Trucking Industry,2.0,282804.0,15828.0,3817.0,141402.0,0.0,0,15260.470000000001,0.0,0.0,667.5,4.0,0.4,high EMT volume (top 10%); 30%+ foreign card transactions,0
203,SYNID0106554902,0.007872839843685801,individual,CA,ON,STONEY CREEK,unknown,Single,OTHER,unknown,126408.0,28.914442162902123,5191.0,unknown,unknown,0.0,0.0,0.0,,0.0,0.0,1,4053.1,0.0,0.0,205.32,0.0,0.0,,0
204,SYNID0109868775,0.007860427033633276,individual,CA,AB,EDMONTON,FEMALE,Married,OTHER,unknown,75775.0,56.81587953456537,10341.0,unknown,unknown,0.0,0.0,0.0,,0.0,0.0,1,327.88,1.0,2643.27,5917.59,10.0,0.1111111111111111,has wire transfers; high EFT outflows (top 10%); high cheque activity (top 10%),0
205,SYNID0104194246,0.007750057521019193,individual,CA,ON,BRAMPTON,FEMALE,Married,OTHER,unknown,88347.0,32.8870636550308,,unknown,unknown,0.0,0.0,0.0,,0.0,0.0,1,11039.6,0.0,0.0,190.38,0.0,0.2037037037037037,high EMT volume (top 10%),0
206,SYNID0104671202,0.0076640208741191726,individual,CA,BC,VERNON,MALE,Unknown,72310,Carpenters,27627.0,32.07939767282683,2076.0,unknown,unknown,0.0,0.0,0.0,,0.0,0.0,1,0.0,0.0,0.0,0.0,0.0,0.2,,0
207,SYNID0105523574,0.007628680733626243,individual,CA,ON,GEORGETOWN,MALE,Single,OTHER,unknown,78442.0,26.351813826146476,3261.0,unknown,unknown,0.0,0.0,0.0,,0.0,0.0,1,2625.58,0.0,0.0,3609.02,8.0,0.21428571428571427,high cheque activity (top 10%),0
208,SYNID0109621352,0.00750505549563912,individual,CA,AB,EDMONTON,FEMALE,Single,313,Nursing and allied health professionals,0.0,55.76728268309377,,unknown,unknown,0.0,0.0,0.0,,0.0,0.0,1,10779.75,0.0,0.0,645.88,10.0,0.15254237288135594,high EMT volume (top 10%); high cheque activity (top 10%),0
209,SYNID0102345093,0.007323919987233888,individual,CA,BC,SURREY,MALE,Single,73300,Transport truck drivers,36203.0,,3444.0,unknown,unknown,0.0,0.0,0.0,,0.0,0.0,1,10404.150000000001,0.0,0.0,0.0,0.0,0.0,high EMT volume (top 10%),0
210,SYNID0106509099,0.007102815649209165,individual,CA,BC,LANGLEY,MALE,Married,13100,Administrative officers,208889.0,,10289.0,unknown,unknown,0.0,0.0,0.0,,0.0,0.0,1,32400.67,0.0,0.0,13626.03,0.0,0.0,high EMT volume (top 10%); high EFT outflows (top 10%),0
211,SYNID0102735085,0.007085859383422005,individual,CA,ON,HAMILTON,FEMALE,Married,0,Legislative and senior management occupations,0.0,51.31553730321698,3410.0,unknown,unknown,0.0,0.0,0.0,,0.0,0.0,1,2450.39,0.0,0.0,544.37,0.0,0.2413793103448276,,0
212,SYNID0100861708,0.006984663881105966,individual,CA,ON,WOODBRIDGE,MALE,Unknown,OTHER,unknown,0.0,39.78918548939083,2764.0,unknown,unknown,0.0,0.0,0.0,,0.0,0.0,1,10486.880000000001,0.0,0.0,0.0,0.0,0.0,high EMT volume (top 10%),0
213,SYNID0109031720,0.0069249106040833106,individual,CA,unknown,other,MALE,Married,73300,Transport truck drivers,0.0,32.145106091718,834.0,unknown,unknown,0.0,0.0,0.0,,0.0,0.0,1,2589.53,0.0,0.0,787.8,1.0,0.20394736842105263,,0
214,SYNID0105281476,0.006782481190486511,individual,CA,unknown,other,MALE,Unknown,STUDENT,unknown,0.0,18.431211498973305,650.0,unknown,unknown,0.0,0.0,0.0,,0.0,0.0,1,2126.1600000000003,0.0,0.0,0.0,0.0,0.25,student,0
215,SYNID0109693301,0.006743983803942301,individual,CA,unknown,other,FEMALE,Single,STUDENT,unknown,0.0,33.81519507186858,8524.0,unknown,unknown,0.0,0.0,0.0,,0.0,0.0,1,9968.73,0.0,0.0,1293.49,0.0,0.19298245614035087,student; high EMT volume (top 10%),0
216,SYNID0103481793,0.006705170955182021,individual,CA,ON,NORTH YORK,FEMALE,unknown,STUDENT,unknown,0.0,25.097878165639973,,unknown,unknown,0.0,0.0,0.0,,0.0,0.0,1,710.0600000000001,0.0,0.0,0.0,0.0,0.0,student,0
217,SYNID0106141714,0.006701018951883462,individual,CA,ON,ARNPRIOR,FEMALE,Married,11100,Financial auditors and accountants,106214.0,61.40999315537303,,unknown,unknown,0.0,0.0,0.0,,0.0,0.0,1,22042.670000000002,0.0,0.0,9536.41,2.0,0.11764705882352941,high EMT volume (top 10%); high EFT outflows (top 10%),0
218,SYNID0100516699,0.006561208702318262,individual,CA,BC,VICTORIA,MALE,Unknown,10019,Other administrative services managers,0.0,,1261.0,unknown,unknown,0.0,0.0,0.0,,0.0,0.0,1,5994.57,0.0,0.0,709.89,0.0,0.0,,0
219,SYNID0107449488,0.006549683501460372,individual,CA,BC,SURREY,MALE,Married,OTHER,unknown,153196.0,60.35318275154004,7081.0,unknown,unknown,0.0,0.0,0.0,,0.0,0.0,1,10285.5,0.0,0.0,4196.76,1.0,0.2268041237113402,high EMT volume (top 10%),0
220,SYNID0103206528,0.006481731157382056,individual,CA,ON,TORONTO,unknown,Married,11100,Financial auditors and accountants,97409.0,52.219028062970565,1824.0,unknown,unknown,0.0,0.0,0.0,,0.0,0.0,1,0.0,0.0,0.0,1444.93,0.0,0.36363636363636365,30%+ foreign card transactions,0
221,SYNID0107464935,0.006422709460776602,individual,CA,BC,PRINCE GEORGE,MALE,Unknown,STUDENT,unknown,9.0,18.795345653661876,981.0,unknown,unknown,0.0,0.0,0.0,,0.0,0.0,1,0.0,1.0,13383.46,1166.27,0.0,0.0,student; has wire transfers,1
222,SYNID0102414463,0.0063434715007764505,individual,CA,ON,KINGSTON,FEMALE,Single,SELF_EMPLOYED,unknown,0.0,27.071868583162217,1721.0,unknown,unknown,0.0,0.0,0.0,,0.0,0.0,1,335.19,0.0,0.0,1980.27,0.0,0.18309859154929578,,0
223,SYNID0106823538,0.006294036109508769,individual,CA,ON,GUELPH,MALE,Unknown,31209,Other professional occupations in health diagnosing and treating,76362.0,44.06023271731691,1167.0,unknown,unknown,0.0,0.0,0.0,,0.0,0.0,1,7370.2300000000005,0.0,0.0,0.0,0.0,0.0,,0
224,SYNID0109297928,0.006184409923128236,individual,CA,NL,PARADISE,FEMALE,Unknown,11100,Financial auditors and accountants,0.0,,597.0,unknown,unknown,0.0,0.0,0.0,,0.0,0.0,1,3880.6,0.0,0.0,0.0,0.0,0.14285714285714285,,0
225,SYNID0101164590,0.006130720155382538,individual,CA,unknown,other,MALE,Single,OTHER,unknown,64843.0,35.865845311430526,3104.0,unknown,unknown,0.0,0.0,0.0,,0.0,0.0,1,0.0,0.0,0.0,0.0,0.0,0.3333333333333333,30%+ foreign card transactions,0
226,SYNID0105028318,0.006011769740874539,individual,CA,ON,STOUFFVILLE,MALE,Single,62024,Cleaning supervisors,54159.0,46.2943189596167,,unknown,unknown,0.0,0.0,0.0,,0.0,0.0,1,651.8100000000001,0.0,0.0,2897.33,0.0,0.4090909090909091,30%+ foreign card transactions,0
227,SYNID0109995422,0.00600579678912602,individual,CA,ON,CARLETON PLACE,FEMALE,Married,STUDENT,unknown,0.0,35.115674195756334,815.0,unknown,unknown,0.0,0.0,0.0,,0.0,0.0,1,586.87,0.0,0.0,3580.08,0.0,0.0,student,0
228,SYNID0103693788,0.005955803972886285,individual,CA,unknown,other,MALE,unknown,SELF_EMPLOYED,unknown,0.0,23.2580424366872,2950.0,unknown,unknown,0.0,0.0,0.0,,0.0,0.0,1,2506.29,0.0,0.0,746.3199999999999,0.0,0.13131313131313133,,0
229,SYNID0102835523,0.005898312401453199,individual,CA,unknown,other,MALE,Married,63202,Bakers,74411.0,,10033.0,unknown,unknown,0.0,0.0,0.0,,0.0,0.0,1,0.0,0.0,0.0,254.60999999999999,0.0,1.0,30%+ foreign card transactions,0
230,SYNID0103920810,0.005894819221233107,individual,CA,unknown,other,MALE,Single,31209,Other professional occupations in health diagnosing and treating,136165.0,35.8631074606434,7852.0,unknown,unknown,0.0,0.0,0.0,,0.0,0.0,1,12588.14,0.0,0.0,6831.84,1.0,0.13131313131313133,high EMT volume (top 10%); high EFT outflows (top 10%),0
231,SYNID0105363746,0.005774685826174497,individual,CA,ON,TORONTO,MALE,Unknown,OTHER,unknown,0.0,63.67967145790554,1918.0,unknown,unknown,0.0,0.0,0.0,,0.0,0.0,1,0.0,0.0,0.0,0.0,0.0,0.16417910447761194,,0
232,SYNID0103578005,0.0057519285493427795,individual,CA,ON,CAMBRIDGE,FEMALE,Married,10019,Other administrative services managers,0.0,37.76317590691308,6630.0,unknown,unknown,0.0,0.0,0.0,,0.0,0.0,1,2630.03,0.0,0.0,80.75999999999999,4.0,0.09523809523809523,,0
233,SYNID0103875208,0.005740807530719445,individual,CA,ON,LINDSAY,MALE,Married,7230,"Plumbers, pipefitters and gas fitters",96548.0,47.97535934291581,8619.0,unknown,unknown,0.0,0.0,0.0,,0.0,0.0,1,4160.08,0.0,0.0,5199.960000000001,2.0,0.15789473684210525,high EFT outflows (top 10%),0
234,SYNID0108328199,0.005737015490714693,individual,CA,ON,BRAMPTON,FEMALE,Unknown,10019,Other administrative services managers,0.0,43.64955509924709,,unknown,unknown,0.0,0.0,0.0,,0.0,0.0,1,4491.5,0.0,0.0,1186.9,5.0,0.16666666666666666,,0
235,SYNID0103695193,0.005729700898380827,individual,CA,MB,WINNIPEG,unknown,Unknown,UNEMPLOYED,unknown,0.0,58.2258726899384,1447.0,unknown,unknown,0.0,0.0,0.0,,0.0,0.0,1,108.94999999999999,0.0,0.0,82.49,0.0,0.23076923076923078,unemployed,0
236,SYNID0200771719,0.005665132990247544,smallbusiness,CA,ON,AJAX,unknown,unknown,unknown,unknown,0.0,,7428.0,8653,"Offices of Dentists, General Practice",1.0,144832.0,7503.0,75.0,144832.0,0.0,0,0.0,0.0,0.0,30602.04,0.0,0.0,high EFT outflows (top 10%),0
237,SYNID0107035247,0.005629480274283847,individual,CA,unknown,other,unknown,Single,63210,Hairstylists and barbers,42364.0,30.62012320328542,6358.0,unknown,unknown,0.0,0.0,0.0,,0.0,0.0,1,3142.5699999999997,0.0,0.0,302.72,0.0,0.1320754716981132,,0
238,SYNID0106394865,0.005616910099398423,individual,CA,ON,TORONTO,unknown,Unknown,62100,Technical sales specialists - wholesale trade,91535.0,41.55783709787816,2326.0,unknown,unknown,0.0,0.0,0.0,,0.0,0.0,1,2162.44,0.0,0.0,562.16,0.0,0.0,,0
239,SYNID0109520194,0.005608963341773718,individual,CA,BC,SURREY,MALE,Single,60010,Corporate sales managers,129243.0,33.204654346338124,4773.0,unknown,unknown,0.0,0.0,0.0,,0.0,0.0,1,1610.4099999999999,0.0,0.0,1104.51,12.0,0.3333333333333333,30%+ foreign card transactions; high cheque activity (top 10%),0
240,SYNID0100521763,0.005567771165654249,individual,CA,unknown,other,unknown,Single,7230,"Plumbers, pipefitters and gas fitters",80265.0,32.29295003422313,4978.0,unknown,unknown,0.0,0.0,0.0,,0.0,0.0,1,838.5,0.0,0.0,1599.92,0.0,0.25,,0
241,SYNID0200499286,0.0055515306585431825,smallbusiness,CA,ON,SUDBURY,unknown,unknown,unknown,unknown,0.0,,4157.0,7799,Other Business Services n.e.c.,1.0,273123.0,4197.0,40.0,273123.0,0.0,0,0.0,0.0,0.0,92.27,0.0,0.35135135135135137,30%+ foreign card transactions,0
242,SYNID0100238045,0.005531100032376021,individual,CA,NL,ST. JOHN'S,unknown,Married,UNEMPLOYED,unknown,0.0,29.38261464750171,2007.0,unknown,unknown,0.0,0.0,0.0,,0.0,0.0,1,1221.86,0.0,0.0,0.0,0.0,0.0,unemployed,0
243,SYNID0109066724,0.005484620743042844,individual,CA,unknown,other,FEMALE,Single,4130,Social and community service professionals,11.0,33.78781656399726,4771.0,unknown,unknown,0.0,0.0,0.0,,0.0,0.0,1,2965.8900000000003,0.0,0.0,97.71,0.0,0.16901408450704225,,0
244,SYNID0104303999,0.005469595716503014,individual,CA,ON,TORONTO,MALE,Married,42202,Early childhood educators and assistants,79035.0,39.78370978781656,2732.0,unknown,unknown,0.0,0.0,0.0,,0.0,0.0,1,8489.019999999999,0.0,0.0,0.0,0.0,0.0,,0
245,SYNID0106402016,0.005462755499616052,individual,CA,NS,HALIFAX,unknown,Single,STUDENT,unknown,1717.0,21.360711841204655,2550.0,unknown,unknown,0.0,0.0,0.0,,0.0,0.0,1,0.0,0.0,0.0,1078.29,8.0,0.0,student; high cheque activity (top 10%),0
246,SYNID0102740319,0.005452314515518083,individual,CA,ON,LONDON,MALE,unknown,SELF_EMPLOYED,unknown,0.0,61.242984257357975,1897.0,unknown,unknown,0.0,0.0,0.0,,0.0,0.0,1,4966.25,0.0,0.0,0.0,0.0,0.0,,0
247,SYNID0100417825,0.005427506212137463,individual,CA,AB,FORT MCMURRAY,MALE,Unknown,942,Assemblers and inspectors in manufacturing,70808.0,51.24709103353867,1426.0,unknown,unknown,0.0,0.0,0.0,,0.0,0.0,1,6172.32,0.0,0.0,1566.46,0.0,0.0,,0
248,SYNID0103279020,0.005422914779678648,individual,CA,ON,CALEDON,MALE,Single,SELF_EMPLOYED,unknown,0.0,24.383299110198493,1672.0,unknown,unknown,0.0,0.0,0.0,,0.0,0.0,1,3334.95,0.0,0.0,3444.7300000000005,1.0,0.1111111111111111,,0
249,SYNID0108962182,0.005419320426498874,individual,CA,ON,HAMILTON,FEMALE,Single,10019,Other administrative services managers,107171.0,45.05133470225873,11644.0,unknown,unknown,0.0,0.0,0.0,,0.0,0.0,1,20747.839999999997,0.0,0.0,5010.26,0.0,0.125,high EMT volume (top 10%),0
250,SYNID0100751190,0.005289217021543832,individual,CA,AB,CALGARY,MALE,Married,72410,"Automotive service technicians, truck and bus mechanics and mechanical repairers",0.0,38.5160848733744,6319.0,unknown,unknown,0.0,0.0,0.0,,0.0,0.0,1,1664.52,0.0,0.0,1028.1299999999999,0.0,0.0,,0
251,SYNID0101195085,0.00522145021494458,individual,CA,AB,FORT MCMURRAY,FEMALE,unknown,RETIRED,unknown,53334.0,69.70294318959617,8396.0,unknown,unknown,0.0,0.0,0.0,,0.0,0.0,1,0.0,0.0,0.0,864.5400000000001,0.0,0.21052631578947367,,0
252,SYNID0109116433,0.005169043172260593,individual,CA,ON,TORONTO,MALE,Single,313,Nursing and allied health professionals,50102.0,45.04859685147159,3351.0,unknown,unknown,0.0,0.0,0.0,,0.0,0.0,1,216.79,0.0,0.0,2991.4999999999995,0.0,0.25,,0
253,SYNID0105474858,0.005163700911758575,individual,CA,unknown,other,MALE,Single,SELF_EMPLOYED,unknown,0.0,68.5968514715948,15565.0,unknown,unknown,0.0,0.0,0.0,,0.0,0.0,1,1957.4499999999998,1.0,581.64,2733.0699999999997,0.0,0.0,has wire transfers,0
254,SYNID0200857563,0.005086386098160149,smallbusiness,CA,unknown,other,unknown,unknown,unknown,unknown,0.0,,8616.0,7215,Holding Companies,1.0,0.0,8838.0,222.0,0.0,0.0,0,0.0,0.0,0.0,0.08,0.0,0.0,employees but zero revenue,0
255,SYNID0107169985,0.005011572973780197,individual,CA,MB,WINNIPEG,FEMALE,Single,14100,General office support workers,61023.0,43.87132101300479,5697.0,unknown,unknown,0.0,0.0,0.0,,0.0,0.0,1,4551.05,0.0,0.0,0.0,2.0,0.18181818181818182,,0
256,SYNID0103918841,0.004707203115236261,individual,CA,AB,CALGARY,FEMALE,Married,UNEMPLOYED,unknown,17739.0,43.15400410677618,4128.0,unknown,unknown,0.0,0.0,0.0,,0.0,0.0,1,0.0,0.0,0.0,0.0,0.0,0.3333333333333333,unemployed; 30%+ foreign card transactions,0
257,SYNID0103600083,0.004645943428774371,individual,CA,ON,KANATA,MALE,unknown,41220,Secondary school teachers,108125.0,60.55578370978782,12478.0,unknown,unknown,0.0,0.0,0.0,,0.0,0.0,1,4534.11,0.0,0.0,162.65,1.0,0.21875,,0
258,SYNID0108895446,0.004594513150132234,individual,CA,unknown,other,MALE,Single,31209,Other professional occupations in health diagnosing and treating,128809.0,,4218.0,unknown,unknown,0.0,0.0,0.0,,0.0,0.0,1,24756.09,0.0,0.0,1312.5299999999997,15.0,1.0,high EMT volume (top 10%); 30%+ foreign card transactions; high cheque activity (top 10%),0
259,SYNID0104254884,0.00456703379517584,individual,CA,AB,SPRUCE GROVE,FEMALE,Married,OTHER,unknown,279949.0,54.75427789185489,3990.0,unknown,unknown,0.0,0.0,0.0,,0.0,0.0,1,0.0,0.0,0.0,0.0,0.0,0.1875,,0
260,SYNID0103659836,0.004561557992593956,individual,CA,ON,WINDSOR,FEMALE,Unknown,41101,Lawyers and Quebec notaries,0.0,,2399.0,unknown,unknown,0.0,0.0,0.0,,0.0,0.0,1,1256.57,0.0,0.0,852.97,0.0,0.0,,0
261,SYNID0100194520,0.0045410385084117015,individual,CA,unknown,other,MALE,unknown,OTHER,unknown,109281.0,53.78507871321013,1958.0,unknown,unknown,0.0,0.0,0.0,,0.0,0.0,1,712.08,0.0,0.0,0.0,0.0,0.75,30%+ foreign card transactions,0
262,SYNID0106240762,0.004526099561515166,individual,CA,ON,NORTH BAY,FEMALE,Single,STUDENT,unknown,0.0,22.611909650924023,3170.0,unknown,unknown,0.0,0.0,0.0,,0.0,0.0,1,0.0,0.0,0.0,0.0,2.0,0.0,student,0
263,SYNID0109156897,0.004524608453059688,individual,CA,AB,EDMONTON,MALE,Single,RETIRED,unknown,58981.0,68.59411362080766,10661.0,unknown,unknown,0.0,0.0,0.0,,0.0,0.0,1,83.51,0.0,0.0,3334.36,2.0,0.15384615384615385,,0
264,SYNID0200541889,0.004520992311991928,smallbusiness,CA,BC,VANCOUVER,unknown,unknown,unknown,unknown,0.0,,7002.0,7511,Operators of Residential Buildings and Dwellings,3.0,270662.0,0.0,,90220.66666666667,0.0,0,209.31,0.0,0.0,0.0,1.0,0.0,business < 6 months old,0
265,SYNID0101868939,0.0045028665471564195,individual,CA,NB,SAINT JOHN,FEMALE,Single,95109,"Other labourers in processing, manufacturing and utilities",55581.0,32.62422997946612,1722.0,unknown,unknown,0.0,0.0,0.0,,0.0,0.0,1,5027.94,0.0,0.0,819.8900000000001,0.0,0.0,,0
266,SYNID0105175037,0.004499672193221767,individual,CA,ON,WOODSTOCK,FEMALE,unknown,60010,Corporate sales managers,39826.0,48.0766598220397,5051.0,unknown,unknown,0.0,0.0,0.0,,0.0,0.0,1,141.85,0.0,0.0,1673.05,0.0,0.0,,0
267,SYNID0102899622,0.00439966010804825,individual,CA,unknown,other,FEMALE,unknown,STUDENT,unknown,11.0,14.726899383983573,1876.0,unknown,unknown,0.0,0.0,0.0,,0.0,0.0,1,0.0,0.0,0.0,0.0,0.0,0.0,student,0
268,SYNID0106549799,0.00435976524706006,individual,CA,ON,WATERLOO,unknown,Single,11202,"Professional occupations in advertising, marketing and public relations",15.0,,5704.0,unknown,unknown,0.0,0.0,0.0,,0.0,0.0,1,433.44,0.0,0.0,2284.73,1.0,0.1951219512195122,,0
269,SYNID0105741023,0.004335619302397457,individual,CA,unknown,other,MALE,unknown,14102,Personnel clerks,0.0,37.76043805612594,739.0,unknown,unknown,0.0,0.0,0.0,,0.0,0.0,1,807.52,0.0,0.0,2142.2,2.0,0.18181818181818182,,0
270,SYNID0105254461,0.004319693076291442,individual,CA,ON,BRAMPTON,FEMALE,Married,SELF_EMPLOYED,unknown,63555.0,58.362765229295,8427.0,unknown,unknown,0.0,0.0,0.0,,0.0,0.0,1,7653.83,0.0,0.0,417.38,0.0,0.17307692307692307,,0
271,SYNID0102125407,0.0042743743358901074,individual,CA,AB,LETHBRIDGE,MALE,Married,STUDENT,unknown,0.0,37.5523613963039,2100.0,unknown,unknown,0.0,0.0,0.0,,0.0,0.0,1,765.76,0.0,0.0,2908.5499999999997,2.0,0.21428571428571427,student,0
272,SYNID0102486291,0.004269255088511004,individual,CA,ON,KINGSTON,unknown,Single,10019,Other administrative services managers,15.0,28.213552361396303,3316.0,unknown,unknown,0.0,0.0,0.0,,0.0,0.0,1,0.0,0.0,0.0,640.7,0.0,0.0,,0
273,SYNID0101563647,0.004258782417766977,individual,CA,BC,SURREY,FEMALE,Married,OTHER,unknown,42347.0,56.276522929500345,12490.0,unknown,unknown,0.0,0.0,0.0,,0.0,0.0,1,985.29,0.0,0.0,4763.460000000001,0.0,1.0,30%+ foreign card transactions,0
274,SYNID0105783650,0.0042583908592784695,individual,CA,ON,NEPEAN,FEMALE,Single,10019,Other administrative services managers,0.0,23.88501026694045,1634.0,unknown,unknown,0.0,0.0,0.0,,0.0,0.0,1,92.55,0.0,0.0,4996.61,1.0,0.0,,0
275,SYNID0102776824,0.004101280296631819,individual,CA,unknown,other,unknown,Married,21399,Other professional engineers,84654.0,47.55099247091034,3431.0,unknown,unknown,0.0,0.0,0.0,,0.0,0.0,1,1229.8,0.0,0.0,9922.029999999999,2.0,0.2727272727272727,high EFT outflows (top 10%),0
276,SYNID0107478090,0.004067555879749858,individual,CA,ON,OTTAWA,FEMALE,Single,STUDENT,unknown,0.0,,1641.0,unknown,unknown,0.0,0.0,0.0,,0.0,0.0,1,0.0,0.0,0.0,0.0,9.0,0.15384615384615385,student; high cheque activity (top 10%),0
277,SYNID0105190740,0.003966506061213664,individual,CA,QC,GATINEAU,MALE,Married,313,Nursing and allied health professionals,0.0,53.30595482546201,2854.0,unknown,unknown,0.0,0.0,0.0,,0.0,0.0,1,0.0,0.0,0.0,0.0,3.0,0.23157894736842105,,0
278,SYNID0100906564,0.003939227763172686,individual,CA,ON,LONDON,FEMALE,Unknown,STUDENT,unknown,0.0,27.21697467488022,,unknown,unknown,0.0,0.0,0.0,,0.0,0.0,1,2249.11,0.0,0.0,0.0,0.0,0.0,student,0
279,SYNID0101060462,0.003925398090638281,individual,CA,AB,FORT MCMURRAY,MALE,Married,RETIRED,unknown,80670.0,66.77344284736482,6408.0,unknown,unknown,0.0,0.0,0.0,,0.0,0.0,1,14644.98,0.0,0.0,415.26000000000005,0.0,0.25,high EMT volume (top 10%),0
280,SYNID0108619908,0.0038713426810791218,individual,CA,ON,TORONTO,MALE,Single,UNEMPLOYED,unknown,34451.0,65.4757015742642,8886.0,unknown,unknown,0.0,0.0,0.0,,0.0,0.0,1,0.0,0.0,0.0,5613.82,0.0,0.1414141414141414,unemployed; high EFT outflows (top 10%),0
281,SYNID0104561732,0.003856010725403565,individual,CA,ON,BRAMPTON,FEMALE,unknown,62024,Cleaning supervisors,103024.0,35.70704996577687,4033.0,unknown,unknown,0.0,0.0,0.0,,0.0,0.0,1,0.0,0.0,0.0,2708.4,0.0,0.125,,0
282,SYNID0106922465,0.003848891795560588,individual,CA,ON,WATERLOO,MALE,unknown,SELF_EMPLOYED,unknown,86628.0,64.32854209445586,11728.0,unknown,unknown,0.0,0.0,0.0,,0.0,0.0,1,8632.63,0.0,0.0,3985.11,0.0,0.0,,0
283,SYNID0102525933,0.0038191249967766236,individual,CA,ON,TORONTO,MALE,Married,OTHER,unknown,42295.0,57.96577686516085,5364.0,unknown,unknown,0.0,0.0,0.0,,0.0,0.0,1,0.0,0.0,0.0,564.09,0.0,0.08163265306122448,,0
284,SYNID0104337810,0.0037817220193522593,individual,CA,ON,THORNHILL,unknown,Single,10019,Other administrative services managers,74651.0,39.90143737166324,9121.0,unknown,unknown,0.0,0.0,0.0,,0.0,0.0,1,4199.53,0.0,0.0,6803.879999999999,2.0,0.08695652173913043,high EFT outflows (top 10%),0
285,SYNID0103503623,0.003761149597790867,individual,CA,ON,BRAMPTON,FEMALE,Married,41221,Elementary school and kindergarten teachers,105759.0,60.40520191649555,11150.0,unknown,unknown,0.0,0.0,0.0,,0.0,0.0,1,481.90999999999997,0.0,0.0,196.64,7.0,0.2421875,,0
286,SYNID0106653697,0.0036733577874213997,individual,CA,unknown,other,MALE,Single,42202,Early childhood educators and assistants,0.0,62.97604380561259,6107.0,unknown,unknown,0.0,0.0,0.0,,0.0,0.0,1,3210.4,0.0,0.0,2582.53,0.0,0.5,30%+ foreign card transactions,0
287,SYNID0103337495,0.0036699019096591303,individual,CA,ON,AJAX,FEMALE,Married,OTHER,unknown,58492.0,58.79808350444901,3733.0,unknown,unknown,0.0,0.0,0.0,,0.0,0.0,1,1021.51,0.0,0.0,258.21,0.0,0.5,30%+ foreign card transactions,0
288,SYNID0106732965,0.0036263720898534334,individual,CA,unknown,other,MALE,unknown,OTHER,unknown,41459.0,28.347707049965777,9806.0,unknown,unknown,0.0,0.0,0.0,,0.0,0.0,1,8403.21,0.0,0.0,2034.2599999999998,0.0,0.5,30%+ foreign card transactions,0
289,SYNID0100612490,0.0036092789224617125,individual,CA,NB,MONCTON,FEMALE,Unknown,11102,Financial advisors,0.0,31.208761122518823,2638.0,unknown,unknown,0.0,0.0,0.0,,0.0,0.0,1,1134.6100000000001,0.0,0.0,0.0,0.0,0.045454545454545456,,0
290,SYNID0104096402,0.003561606566301808,individual,CA,AB,CALGARY,FEMALE,Unknown,14402,Production logistics workers,64359.0,38.05886379192334,842.0,unknown,unknown,0.0,0.0,0.0,,0.0,0.0,1,2546.6899999999996,0.0,0.0,3345.08,0.0,0.0,,0
291,SYNID0105442463,0.0035412138521743806,individual,CA,ON,WELLAND,MALE,Single,RETIRED,unknown,14577.0,78.68309377138947,5048.0,unknown,unknown,0.0,0.0,0.0,,0.0,0.0,1,0.0,0.0,0.0,0.0,0.0,0.0,,0
292,SYNID0107683006,0.0035161226992363676,individual,CA,ON,NIAGARA FALLS,MALE,Single,RETIRED,unknown,0.0,46.76522929500342,7371.0,unknown,unknown,0.0,0.0,0.0,,0.0,0.0,1,2240.33,0.0,0.0,571.7099999999999,0.0,0.08333333333333333,,0
293,SYNID0103908188,0.0034117003051235754,individual,CA,ON,MISSISSAUGA,FEMALE,Married,SELF_EMPLOYED,unknown,121068.0,52.62149212867899,9517.0,unknown,unknown,0.0,0.0,0.0,,0.0,0.0,1,7774.55,0.0,0.0,6255.5599999999995,1.0,0.1794871794871795,high EFT outflows (top 10%),0
294,SYNID0100102872,0.0033946782855738405,individual,CA,ON,STRATFORD,FEMALE,Married,10010,Financial managers,125230.0,52.219028062970565,7197.0,unknown,unknown,0.0,0.0,0.0,,0.0,0.0,1,9166.2,0.0,0.0,592.12,9.0,0.6666666666666666,30%+ foreign card transactions; high cheque activity (top 10%),0
295,SYNID0108916391,0.003391195422855733,individual,CA,ON,AJAX,unknown,Married,SELF_EMPLOYED,unknown,40926.0,57.275838466803556,900.0,unknown,unknown,0.0,0.0,0.0,,0.0,0.0,1,2052.42,0.0,0.0,0.0,0.0,0.0,,0
296,SYNID0107252084,0.0033856564573408665,individual,CA,ON,THUNDER BAY,MALE,Married,21232,Software developers and programmers,0.0,29.95482546201232,1596.0,unknown,unknown,0.0,0.0,0.0,,0.0,0.0,1,118.33,0.0,0.0,2846.88,0.0,0.09090909090909091,,0
297,SYNID0108097843,0.003285157914993363,individual,CA,ON,MISSISSAUGA,unknown,Unknown,10019,Other administrative services managers,0.0,51.97535934291581,2524.0,unknown,unknown,0.0,0.0,0.0,,0.0,0.0,1,0.0,0.0,0.0,0.0,0.0,0.0,,0
298,SYNID0102394060,0.003253450232889709,individual,CA,unknown,other,FEMALE,Married,OTHER,unknown,0.0,51.20876112251882,3802.0,unknown,unknown,0.0,0.0,0.0,,0.0,0.0,1,2481.17,0.0,0.0,1672.03,0.0,0.1111111111111111,,0
299,SYNID0101904557,0.003245114480744263,individual,CA,ON,TORONTO,FEMALE,Single,64409,Other customer and information services representatives,0.0,43.34017796030116,3227.0,unknown,unknown,0.0,0.0,0.0,,0.0,0.0,1,4604.07,0.0,0.0,449.0,0.0,0.0,,0
300,SYNID0103482772,0.003216842720601842,individual,CA,unknown,other,FEMALE,unknown,41101,Lawyers and Quebec notaries,76827.0,47.13757700205339,7373.0,unknown,unknown,0.0,0.0,0.0,,0.0,0.0,1,9256.67,3.0,4606.7,139.78,3.0,0.16428571428571428,has wire transfers; high EMT volume (top 10%),0
301,SYNID0102693481,0.0032123608123554,individual,CA,ON,HAMILTON,MALE,Unknown,OTHER,unknown,0.0,29.05681040383299,1334.0,unknown,unknown,0.0,0.0,0.0,,0.0,0.0,1,135.5,0.0,0.0,0.0,0.0,0.0196078431372549,,0
302,SYNID0108485394,0.003200328852222318,individual,CA,AB,FORT MCMURRAY,FEMALE,Unknown,13100,Administrative officers,0.0,31.00889801505818,,unknown,unknown,0.0,0.0,0.0,,0.0,0.0,1,686.85,0.0,0.0,0.0,0.0,0.0,,0
303,SYNID0107010958,0.0031690043439272825,individual,CA,MB,WINNIPEG,FEMALE,Single,OTHER,unknown,52652.0,38.116358658453116,3823.0,unknown,unknown,0.0,0.0,0.0,,0.0,0.0,1,1253.76,0.0,0.0,74.7,0.0,0.22340425531914893,,0
304,SYNID0100622265,0.0031391342111513577,individual,CA,ON,TORONTO,unknown,unknown,SELF_EMPLOYED,unknown,0.0,47.48528405201917,2882.0,unknown,unknown,0.0,0.0,0.0,,0.0,0.0,1,0.0,0.0,0.0,6509.53,0.0,0.0,high EFT outflows (top 10%),0
305,SYNID0105446890,0.0031386393908887965,individual,CA,QC,MONTREAL,FEMALE,Single,73300,Transport truck drivers,0.0,29.754962354551676,3350.0,unknown,unknown,0.0,0.0,0.0,,0.0,0.0,1,2352.99,0.0,0.0,261.9,0.0,0.0,,0
306,SYNID0105715503,0.003095221025715189,individual,CA,ON,ORLEANS,FEMALE,unknown,4130,Social and community service professionals,0.0,37.190965092402465,709.0,unknown,unknown,0.0,0.0,0.0,,0.0,0.0,1,3636.1200000000003,0.0,0.0,0.0,3.0,0.0,,0
307,SYNID0102924131,0.003080532533891891,individual,CA,ON,TORONTO,MALE,Married,73300,Transport truck drivers,0.0,48.199863107460644,6075.0,unknown,unknown,0.0,0.0,0.0,,0.0,0.0,1,833.21,0.0,0.0,376.03,5.0,0.16,,0
308,SYNID0103583046,0.0030726581877480704,individual,CA,ON,BRAMPTON,FEMALE,Single,STUDENT,unknown,10233.0,29.52498288843258,4987.0,unknown,unknown,0.0,0.0,0.0,,0.0,0.0,1,1625.1799999999998,0.0,0.0,258.07,2.0,0.17391304347826086,student,0
309,SYNID0109471701,0.0030214863983980067,individual,CA,unknown,other,MALE,Single,14100,General office support workers,42122.0,36.46817248459959,6788.0,unknown,unknown,0.0,0.0,0.0,,0.0,0.0,1,0.0,0.0,0.0,0.0,0.0,0.2857142857142857,,0
310,SYNID0103586188,0.0029854361877892912,individual,CA,QC,MONTREAL,FEMALE,Single,63100,Insurance agents and brokers,62096.0,30.579055441478438,3518.0,unknown,unknown,0.0,0.0,0.0,,0.0,0.0,1,3886.9100000000003,0.0,0.0,4449.389999999999,0.0,0.0,,0
311,SYNID0108626578,0.0029676577657947838,individual,CA,ON,TORONTO,MALE,Single,90010,Manufacturing managers,66634.0,29.065023956194388,3392.0,unknown,unknown,0.0,0.0,0.0,,0.0,0.0,1,6855.09,0.0,0.0,1697.54,4.0,0.0,,0
312,SYNID0100117701,0.002961676285285175,individual,CA,AB,FORT MCMURRAY,MALE,Married,SELF_EMPLOYED,unknown,45397.0,47.227926078028744,1590.0,unknown,unknown,0.0,0.0,0.0,,0.0,0.0,1,140.07999999999998,0.0,0.0,652.43,0.0,0.5,30%+ foreign card transactions,0
313,SYNID0103606160,0.0029594266518557385,individual,CA,ON,HAMILTON,unknown,Married,OTHER,unknown,48179.0,46.80355920602327,2380.0,unknown,unknown,0.0,0.0,0.0,,0.0,0.0,1,0.0,0.0,0.0,1924.74,0.0,0.13861386138613863,,0
314,SYNID0101812231,0.0029584611239930423,individual,CA,AB,EDMONTON,MALE,Single,OTHER,unknown,50421.0,33.17180013689254,4102.0,unknown,unknown,0.0,0.0,0.0,,0.0,0.0,1,0.0,0.0,0.0,7358.42,2.0,0.12849162011173185,high EFT outflows (top 10%),0
315,SYNID0104781878,0.0029074615317899624,individual,CA,BC,VANCOUVER,MALE,Married,SELF_EMPLOYED,unknown,98751.0,,4144.0,unknown,unknown,0.0,0.0,0.0,,0.0,0.0,1,33075.07,0.0,0.0,50386.21000000001,0.0,0.0,high EMT volume (top 10%); high EFT outflows (top 10%),0
316,SYNID0101444515,0.002833590129582256,individual,CA,ON,MISSISSAUGA,MALE,Married,OTHER,unknown,32552.0,62.46680355920602,,unknown,unknown,0.0,0.0,0.0,,0.0,0.0,1,0.0,0.0,0.0,1173.3200000000002,0.0,0.19148936170212766,,0
317,SYNID0200978585,0.0028149306387088733,smallbusiness,CA,unknown,other,unknown,unknown,unknown,unknown,0.0,,1115.0,9861,Civic and Fraternal Organizations,1.0,120121.0,1906.0,791.0,120121.0,0.0,0,13186.970000000001,0.0,0.0,45432.68,7.0,0.0,high EMT volume (top 10%); high EFT outflows (top 10%),0
318,SYNID0107204407,0.0027935944404368614,individual,CA,ON,OSHAWA,FEMALE,Married,62200,Chefs,27069.0,34.25872689938399,2313.0,unknown,unknown,0.0,0.0,0.0,,0.0,0.0,1,602.95,0.0,0.0,0.0,0.0,0.0,,0
319,SYNID0108687207,0.00275909133991673,individual,CA,unknown,other,MALE,Unknown,10019,Other administrative services managers,6954.0,23.5564681724846,1837.0,unknown,unknown,0.0,0.0,0.0,,0.0,0.0,1,1868.89,0.0,0.0,2743.17,0.0,0.2,,0
320,SYNID0107318803,0.002749917085305024,individual,CA,ON,BROCKVILLE,MALE,Married,313,Nursing and allied health professionals,0.0,32.24640657084189,885.0,unknown,unknown,0.0,0.0,0.0,,0.0,0.0,1,560.16,0.0,0.0,67.26,0.0,0.0,,0
321,SYNID0200663820,0.002708475202808384,smallbusiness,CA,ON,TORONTO,unknown,unknown,unknown,unknown,0.0,,11973.0,Other,unknown,0.0,0.0,12503.0,530.0,0.0,0.0,0,0.0,0.0,0.0,0.0,1.0,0.0,,0
322,SYNID0106469074,0.0026848707180386184,individual,CA,BC,VANCOUVER,unknown,unknown,SELF_EMPLOYED,unknown,67304.0,60.19438740588638,8518.0,unknown,unknown,0.0,0.0,0.0,,0.0,0.0,1,0.0,0.0,0.0,551.89,0.0,0.20408163265306123,,0
323,SYNID0104486974,0.0026680811628089123,individual,CA,NS,HALIFAX,unknown,Single,OTHER,unknown,0.0,,5669.0,unknown,unknown,0.0,0.0,0.0,,0.0,0.0,1,4529.07,0.0,0.0,137.85,0.0,0.08333333333333333,,0
324,SYNID0106671718,0.002667218422218787,individual,CA,unknown,other,unknown,Unknown,72410,"Automotive service technicians, truck and bus mechanics and mechanical repairers",13.0,26.622861054072555,1212.0,unknown,unknown,0.0,0.0,0.0,,0.0,0.0,1,3849.2000000000003,0.0,0.0,1777.21,0.0,0.0,,0
325,SYNID0101551838,0.0026634002912397764,individual,CA,ON,WINDSOR,MALE,Single,32124,Pharmacy technicians,86537.0,31.917864476386036,11354.0,unknown,unknown,0.0,0.0,0.0,,0.0,0.0,1,0.0,0.0,0.0,0.0,0.0,0.09090909090909091,,0
326,SYNID0103055630,0.0026256445267464745,individual,CA,ON,TORONTO,FEMALE,Single,RETIRED,unknown,23610.0,70.55167693360711,6013.0,unknown,unknown,0.0,0.0,0.0,,0.0,0.0,1,11122.66,0.0,0.0,0.0,0.0,0.0,high EMT volume (top 10%),0
327,SYNID0108696301,0.0025798305415298635,individual,CA,NB,SAINT JOHN,FEMALE,Single,14100,General office support workers,98913.0,55.540041067761805,9393.0,unknown,unknown,0.0,0.0,0.0,,0.0,0.0,1,0.0,0.0,0.0,1776.65,0.0,0.14285714285714285,,0
328,SYNID0107183018,0.0025172216308529754,individual,CA,ON,BARRIE,MALE,Married,OTHER,unknown,48294.0,,3051.0,unknown,unknown,0.0,0.0,0.0,,0.0,0.0,1,9786.78,0.0,0.0,680.6800000000001,2.0,0.13333333333333333,high EMT volume (top 10%),0
329,SYNID0103643046,0.0025168167149242746,individual,CA,ON,LONDON,MALE,Married,UNEMPLOYED,unknown,28201.0,37.81245722108145,3260.0,unknown,unknown,0.0,0.0,0.0,,0.0,0.0,1,4101.63,0.0,0.0,134.75,2.0,0.16363636363636364,unemployed,0
330,SYNID0107443406,0.0025132585599832117,individual,CA,NS,DARTMOUTH,FEMALE,Single,RETIRED,unknown,39846.0,,9529.0,unknown,unknown,0.0,0.0,0.0,,0.0,0.0,1,278.93,0.0,0.0,849.9,0.0,0.21641791044776118,,0
331,SYNID0100093807,0.0025096396656254516,individual,CA,unknown,other,MALE,Married,12010,"Supervisors, general office and administrative support workers",116457.0,41.7741273100616,4165.0,unknown,unknown,0.0,0.0,0.0,,0.0,0.0,1,1852.85,0.0,0.0,952.82,0.0,0.14678899082568808,,0
332,SYNID0106605764,0.0025061175846172283,individual,CA,ON,TORONTO,unknown,Married,SELF_EMPLOYED,unknown,48852.0,39.520876112251884,2482.0,unknown,unknown,0.0,0.0,0.0,,0.0,0.0,1,582.4599999999999,0.0,0.0,614.85,0.0,0.0,,0
333,SYNID0100859570,0.002499917772514153,individual,CA,ON,OTTAWA,FEMALE,Unknown,RETIRED,unknown,0.0,68.74469541409994,3661.0,unknown,unknown,0.0,0.0,0.0,,0.0,0.0,1,6119.41,0.0,0.0,0.0,2.0,0.1875,,0
334,SYNID0107928724,0.002489732604636251,individual,CA,ON,TORONTO,FEMALE,Married,OTHER,unknown,165423.0,50.64202600958248,,unknown,unknown,0.0,0.0,0.0,,0.0,0.0,1,0.0,0.0,0.0,0.0,0.0,0.4,30%+ foreign card transactions,0
335,SYNID0100653322,0.0024622661970076214,individual,CA,unknown,other,FEMALE,Married,OTHER,unknown,0.0,56.62696783025325,10745.0,unknown,unknown,0.0,0.0,0.0,,0.0,0.0,1,24352.82,0.0,0.0,3406.56,7.0,0.18181818181818182,high EMT volume (top 10%),0
336,SYNID0109466986,0.002458349971472922,individual,CA,NB,SAINT JOHN,FEMALE,Single,21399,Other professional engineers,9.0,29.95482546201232,7849.0,unknown,unknown,0.0,0.0,0.0,,0.0,0.0,1,2941.12,0.0,0.0,362.86,0.0,0.0,,0
337,SYNID0104632764,0.00244710920187812,individual,CA,AB,CALGARY,FEMALE,Unknown,72310,Carpenters,0.0,31.824777549623544,2237.0,unknown,unknown,0.0,0.0,0.0,,0.0,0.0,1,589.98,0.0,0.0,5819.83,0.0,0.0,high EFT outflows (top 10%),0
338,SYNID0101789970,0.0024463253713098206,individual,CA,BC,SURREY,FEMALE,Married,SELF_EMPLOYED,unknown,177828.0,45.86173853524983,6304.0,unknown,unknown,0.0,0.0,0.0,,0.0,0.0,1,7907.57,0.0,0.0,1463.21,1.0,0.0,,0
339,SYNID0100438728,0.0024315994596502406,individual,CA,ON,WINDSOR,FEMALE,Single,OTHER,unknown,0.0,45.20191649555099,585.0,unknown,unknown,0.0,0.0,0.0,,0.0,0.0,1,0.0,0.0,0.0,317.51,0.0,0.0,,0
340,SYNID0107563028,0.002393506378467632,individual,CA,NB,SAINT JOHN,unknown,Married,OTHER,unknown,49370.0,60.336755646817245,13604.0,unknown,unknown,0.0,0.0,0.0,,0.0,0.0,1,0.0,0.0,0.0,0.0,0.0,0.24342105263157895,,0
341,SYNID0109510794,0.002390003644114268,individual,CA,unknown,other,MALE,Single,OTHER,unknown,28219.0,43.34017796030116,3711.0,unknown,unknown,0.0,0.0,0.0,,0.0,0.0,1,0.0,0.0,0.0,0.0,0.0,0.5,30%+ foreign card transactions,0
342,SYNID0107403616,0.002335753909998621,individual,CA,BC,PORT COQUITLAM,MALE,Single,SELF_EMPLOYED,unknown,89088.0,36.284736481861735,1551.0,unknown,unknown,0.0,0.0,0.0,,0.0,0.0,1,60.88,0.0,0.0,0.0,0.0,0.0,,0
343,SYNID0109077808,0.0023294063043723624,individual,CA,QC,GATINEAU,MALE,Single,SELF_EMPLOYED,unknown,0.0,35.742642026009584,763.0,unknown,unknown,0.0,0.0,0.0,,0.0,0.0,1,3955.76,0.0,0.0,1289.97,0.0,0.0,,0
344,SYNID0100419759,0.002320915111639996,individual,CA,ON,OTTAWA,FEMALE,Married,SELF_EMPLOYED,unknown,85878.0,61.379876796714576,11335.0,unknown,unknown,0.0,0.0,0.0,,0.0,0.0,1,0.0,0.0,0.0,0.0,0.0,0.19047619047619047,,0
345,SYNID0106033773,0.0023150849197417327,individual,CA,ON,OTTAWA,MALE,Married,73300,Transport truck drivers,0.0,45.086926762491444,1953.0,unknown,unknown,0.0,0.0,0.0,,0.0,0.0,1,2557.26,0.0,0.0,2337.29,0.0,0.29411764705882354,,0
346,SYNID0100655798,0.0023006651096886322,individual,CA,QC,MONTREAL,unknown,Single,SELF_EMPLOYED,unknown,0.0,54.639288158795345,2453.0,unknown,unknown,0.0,0.0,0.0,,0.0,0.0,1,10800.65,0.0,0.0,4856.04,0.0,0.0,high EMT volume (top 10%),0
347,SYNID0104361797,0.00229375407726793,individual,CA,QC,MONTREAL,MALE,Married,63101,Real estate agents and salespersons,54400.0,59.030800821355236,4842.0,unknown,unknown,0.0,0.0,0.0,,0.0,0.0,1,0.0,0.0,0.0,0.0,0.0,0.3,,0
348,SYNID0101095081,0.002273210662574406,individual,CA,NL,ST. JOHN'S,MALE,Married,20012,Computer and information systems managers,34180.0,59.912388774811774,4180.0,unknown,unknown,0.0,0.0,0.0,,0.0,0.0,1,891.7,0.0,0.0,553.37,0.0,0.17073170731707318,,0
349,SYNID0100621046,0.0022131639487358934,individual,CA,QC,LAVAL,MALE,unknown,STUDENT,unknown,0.0,24.01368925393566,,unknown,unknown,0.0,0.0,0.0,,0.0,0.0,1,3932.11,0.0,0.0,5571.51,0.0,0.0,student; high EFT outflows (top 10%),0
350,SYNID0104143174,0.0022123759289727324,individual,CA,unknown,other,MALE,Single,10019,Other administrative services managers,15.0,30.633812457221083,1750.0,unknown,unknown,0.0,0.0,0.0,,0.0,0.0,1,2696.42,0.0,0.0,530.86,1.0,0.14659685863874344,,0
351,SYNID0105759255,0.0022000499480982526,individual,CA,ON,OWEN SOUND,FEMALE,Married,32124,Pharmacy technicians,36062.0,46.450376454483234,4982.0,unknown,unknown,0.0,0.0,0.0,,0.0,0.0,1,675.79,0.0,0.0,0.0,0.0,0.0,,0
352,SYNID0101415695,0.0021899056060757944,individual,CA,unknown,other,MALE,Divorced,OTHER,unknown,112642.0,,,unknown,unknown,0.0,0.0,0.0,,0.0,0.0,1,812.9899999999999,0.0,0.0,0.0,0.0,0.21367521367521367,,0
353,SYNID0102397477,0.002163340570055399,individual,CA,ON,TORONTO,MALE,Married,RETIRED,unknown,22598.0,81.35249828884326,11398.0,unknown,unknown,0.0,0.0,0.0,,0.0,0.0,1,7985.37,0.0,0.0,3595.54,1.0,0.6666666666666666,30%+ foreign card transactions,0
354,SYNID0105108843,0.0021541531036711366,individual,CA,AB,EDMONTON,FEMALE,Married,SELF_EMPLOYED,unknown,0.0,49.097878165639976,3795.0,unknown,unknown,0.0,0.0,0.0,,0.0,0.0,1,9130.34,0.0,0.0,1395.15,13.0,0.14285714285714285,high cheque activity (top 10%),0
355,SYNID0106537127,0.002138969648163021,individual,CA,unknown,other,FEMALE,unknown,73300,Transport truck drivers,110802.0,64.06023271731691,10505.0,unknown,unknown,0.0,0.0,0.0,,0.0,0.0,1,34368.41,0.0,0.0,0.0,5.0,0.18604651162790697,high EMT volume (top 10%),0
356,SYNID0101716251,0.002130695647580206,individual,CA,AB,CALGARY,MALE,Married,OTHER,unknown,158101.0,51.81108829568789,4676.0,unknown,unknown,0.0,0.0,0.0,,0.0,0.0,1,12961.07,0.0,0.0,0.0,0.0,0.0,high EMT volume (top 10%),0
357,SYNID0109294524,0.0021235429609879164,individual,CA,unknown,other,MALE,Married,SELF_EMPLOYED,unknown,77225.0,43.62217659137577,2548.0,unknown,unknown,0.0,0.0,0.0,,0.0,0.0,1,10368.16,0.0,0.0,0.0,0.0,0.0625,high EMT volume (top 10%),0
358,SYNID0105831377,0.0020630031554155163,individual,CA,ON,SCARBOROUGH,FEMALE,Married,4130,Social and community service professionals,53492.0,48.47091033538672,,unknown,unknown,0.0,0.0,0.0,,0.0,0.0,1,5095.04,0.0,0.0,2690.9800000000005,0.0,0.0,,0
359,SYNID0100690585,0.0020614267645078974,individual,CA,QC,GATINEAU,FEMALE,Single,OTHER,unknown,13.0,26.43394934976044,4234.0,unknown,unknown,0.0,0.0,0.0,,0.0,0.0,1,3248.76,0.0,0.0,4073.4,0.0,0.25,,0
360,SYNID0109238534,0.002054547039941728,individual,CA,ON,MARKHAM,MALE,unknown,31202,Physiotherapists,96252.0,39.64681724845996,,unknown,unknown,0.0,0.0,0.0,,0.0,0.0,1,1451.9299999999998,0.0,0.0,1845.98,0.0,0.0,,0
361,SYNID0101509259,0.0020529124158662616,individual,CA,MB,WINNIPEG,FEMALE,Married,OTHER,unknown,77634.0,,5954.0,unknown,unknown,0.0,0.0,0.0,,0.0,0.0,1,1701.89,0.0,0.0,3961.79,0.0,0.16666666666666666,,0
362,SYNID0106428660,0.0020490375413018957,individual,CA,AB,CALGARY,MALE,Single,72410,"Automotive service technicians, truck and bus mechanics and mechanical repairers",82339.0,41.57426420260096,7160.0,unknown,unknown,0.0,0.0,0.0,,0.0,0.0,1,1869.26,0.0,0.0,2414.7,4.0,0.0,,0
363,SYNID0105332502,0.002044286486444627,individual,CA,ON,MISSISSAUGA,unknown,Married,60010,Corporate sales managers,62260.0,50.68856947296372,9453.0,unknown,unknown,0.0,0.0,0.0,,0.0,0.0,1,3738.0499999999997,0.0,0.0,553.16,31.0,0.20833333333333334,high cheque activity (top 10%),0
364,SYNID0109514508,0.002028045466304223,individual,CA,AB,EDMONTON,FEMALE,Single,OTHER,unknown,29441.0,28.813141683778234,3012.0,unknown,unknown,0.0,0.0,0.0,,0.0,0.0,1,54.17,0.0,0.0,1174.35,0.0,0.0,,0
365,SYNID0100464450,0.0019809925880611254,individual,CA,ON,MISSISSAUGA,FEMALE,Married,UNEMPLOYED,unknown,0.0,44.167008898015055,2545.0,unknown,unknown,0.0,0.0,0.0,,0.0,0.0,1,0.0,0.0,0.0,0.0,0.0,0.0,unemployed,0
366,SYNID0106617015,0.001959630572519024,individual,CA,unknown,other,FEMALE,Single,14402,Production logistics workers,53358.0,59.48528405201917,12261.0,unknown,unknown,0.0,0.0,0.0,,0.0,0.0,1,84.18,0.0,0.0,7789.089999999999,0.0,0.16477272727272727,high EFT outflows (top 10%),0
367,SYNID0106764245,0.0019499128842736797,individual,CA,ON,BURLINGTON,MALE,Married,SELF_EMPLOYED,unknown,81303.0,55.73716632443532,3082.0,unknown,unknown,0.0,0.0,0.0,,0.0,0.0,1,6721.25,0.0,0.0,1968.05,0.0,0.0,,0
368,SYNID0105441567,0.001943262337802436,individual,CA,QC,BROSSARD,MALE,Married,SELF_EMPLOYED,unknown,84959.0,46.822724161533195,9605.0,unknown,unknown,0.0,0.0,0.0,,0.0,0.0,1,3820.88,0.0,0.0,2233.05,0.0,0.3333333333333333,30%+ foreign card transactions,0
369,SYNID0102872340,0.0019038249772011903,individual,CA,unknown,other,FEMALE,Single,STUDENT,unknown,0.0,20.709103353867214,1541.0,unknown,unknown,0.0,0.0,0.0,,0.0,0.0,1,1369.2400000000002,0.0,0.0,0.0,2.0,0.2,student,0
370,SYNID0108116147,0.0018795496647795494,individual,CA,BC,RICHMOND,FEMALE,Single,63200,Cooks,0.0,31.90965092402464,3418.0,unknown,unknown,0.0,0.0,0.0,,0.0,0.0,1,265.68,0.0,0.0,4016.1800000000003,0.0,0.0,,0
371,SYNID0100873394,0.0018462206705740132,individual,CA,AB,EDMONTON,FEMALE,Single,11100,Financial auditors and accountants,0.0,,1714.0,unknown,unknown,0.0,0.0,0.0,,0.0,0.0,1,26.44,0.0,0.0,9605.38,5.0,0.14285714285714285,high EFT outflows (top 10%),0
372,SYNID0105671628,0.0018450659262567663,individual,CA,unknown,other,FEMALE,Single,OTHER,unknown,0.0,65.8590006844627,10848.0,unknown,unknown,0.0,0.0,0.0,,0.0,0.0,1,0.0,0.0,0.0,86.51,0.0,1.0,30%+ foreign card transactions,0
373,SYNID0200195508,0.0018209143489182945,smallbusiness,CA,unknown,other,unknown,unknown,unknown,unknown,0.0,,,4235,Roof Shingling,2.0,282272.0,6949.0,,141136.0,0.0,0,4705.82,2.0,22693.32,0.0,10.0,0.6,has wire transfers; 30%+ foreign card transactions; high cheque activity (top 10%),0
374,SYNID0104703400,0.001817859850895464,individual,CA,ON,STRATFORD,FEMALE,Unknown,10019,Other administrative services managers,0.0,60.09582477754962,1735.0,unknown,unknown,0.0,0.0,0.0,,0.0,0.0,1,0.0,0.0,0.0,0.0,0.0,0.0,,0
375,SYNID0109166911,0.001813501250885366,individual,CA,ON,HAMILTON,MALE,Married,OTHER,unknown,0.0,77.64818617385353,,unknown,unknown,0.0,0.0,0.0,,0.0,0.0,1,1641.97,0.0,0.0,2831.5200000000004,0.0,0.2,,0
376,SYNID0105595584,0.0017777946858546097,individual,CA,MB,WINNIPEG,FEMALE,Unknown,SELF_EMPLOYED,unknown,0.0,41.9958932238193,1373.0,unknown,unknown,0.0,0.0,0.0,,0.0,0.0,1,919.99,0.0,0.0,0.0,0.0,0.0,,0
377,SYNID0105108459,0.001763880421640958,individual,CA,unknown,other,MALE,Married,SELF_EMPLOYED,unknown,151121.0,53.16906228610541,6638.0,unknown,unknown,0.0,0.0,0.0,,0.0,0.0,1,6630.0599999999995,0.0,0.0,0.0,0.0,0.13559322033898305,,0
378,SYNID0101861273,0.0017411940724654474,individual,CA,SK,PRINCE ALBERT,unknown,Single,OTHER,unknown,84251.0,48.6570841889117,5918.0,unknown,unknown,0.0,0.0,0.0,,0.0,0.0,1,2578.2200000000003,0.0,0.0,839.6899999999999,5.0,0.18181818181818182,,0
379,SYNID0102511111,0.0017393472836049009,individual,CA,BC,LANGLEY,FEMALE,Married,52120,Graphic designers and illustrators,0.0,49.51403148528405,7350.0,unknown,unknown,0.0,0.0,0.0,,0.0,0.0,1,8001.8099999999995,0.0,0.0,231.68,2.0,0.5,30%+ foreign card transactions,0
380,SYNID0106664724,0.0017313552960912411,individual,CA,BC,MAPLE RIDGE,MALE,unknown,313,Nursing and allied health professionals,0.0,,,unknown,unknown,0.0,0.0,0.0,,0.0,0.0,1,0.0,0.0,0.0,2309.1000000000004,6.0,0.19047619047619047,,0
381,SYNID0108474206,0.0017228174587783085,individual,CA,AB,SHERWOOD PARK,MALE,unknown,RETIRED,unknown,0.0,,,unknown,unknown,0.0,0.0,0.0,,0.0,0.0,1,0.0,0.0,0.0,13.35,0.0,0.15384615384615385,,0
382,SYNID0106716678,0.001708567168291393,individual,CA,AB,other,MALE,Married,41101,Lawyers and Quebec notaries,83368.0,57.47022587268994,12132.0,unknown,unknown,0.0,0.0,0.0,,0.0,0.0,1,0.0,0.0,0.0,1287.03,4.0,0.1782477341389728,,0
383,SYNID0200372275,0.0017023428031484216,smallbusiness,CA,unknown,other,unknown,unknown,unknown,unknown,0.0,,1475.0,7759,Other Scientific and Technical Services,2.0,91547.0,4156.0,2681.0,45773.5,0.0,0,0.0,0.0,0.0,27946.27,0.0,0.0,high EFT outflows (top 10%),0
384,SYNID0106780702,0.001697415375603216,individual,CA,unknown,other,FEMALE,Single,65100,Cashiers,64678.0,32.95277207392197,9975.0,unknown,unknown,0.0,0.0,0.0,,0.0,0.0,1,9175.57,0.0,0.0,1767.11,0.0,0.10256410256410256,high EMT volume (top 10%),0
385,SYNID0103926003,0.0016737121753894904,individual,CA,unknown,other,FEMALE,Married,60010,Corporate sales managers,32597.0,,5044.0,unknown,unknown,0.0,0.0,0.0,,0.0,0.0,1,1763.2,0.0,0.0,2257.85,0.0,0.16666666666666666,,0
386,SYNID0103712362,0.0016347118716553894,individual,CA,ON,MISSISSAUGA,MALE,Married,14100,General office support workers,83258.0,48.97467488021903,2197.0,unknown,unknown,0.0,0.0,0.0,,0.0,0.0,1,263.71,0.0,0.0,0.0,0.0,0.0,,0
387,SYNID0103024953,0.0016334226262963224,individual,CA,ON,TORONTO,FEMALE,Single,STUDENT,unknown,0.0,,5294.0,unknown,unknown,0.0,0.0,0.0,,0.0,0.0,1,2806.33,0.0,0.0,1126.21,4.0,0.18867924528301888,student,0
388,SYNID0104544128,0.0016224634693150848,individual,CA,ON,COLLINGWOOD,MALE,Single,STUDENT,unknown,8.0,31.340177960301162,6361.0,unknown,unknown,0.0,0.0,0.0,,0.0,0.0,1,134.97,0.0,0.0,0.0,6.0,0.16666666666666666,student,0
389,SYNID0105896268,0.0016097958902382694,individual,CA,ON,BURLINGTON,MALE,unknown,OTHER,unknown,106742.0,,10290.0,unknown,unknown,0.0,0.0,0.0,,0.0,0.0,1,3177.77,0.0,0.0,4146.1,1.0,0.5,30%+ foreign card transactions,0
390,SYNID0109764965,0.0015771604193579292,individual,CA,ON,MISSISSAUGA,FEMALE,Married,73301,"Bus drivers, subway operators and other transit operators",45241.0,41.040383299110196,6582.0,unknown,unknown,0.0,0.0,0.0,,0.0,0.0,1,5706.26,0.0,0.0,5619.4800000000005,1.0,0.2857142857142857,high EFT outflows (top 10%),0
391,SYNID0101595676,0.0015753537832165424,individual,CA,unknown,other,MALE,unknown,RETIRED,unknown,0.0,63.997262149212865,955.0,unknown,unknown,0.0,0.0,0.0,,0.0,0.0,1,3544.1,0.0,0.0,0.0,0.0,0.2,,0
392,SYNID0105852403,0.0015630247494247255,individual,CA,AB,EDMONTON,FEMALE,Married,OTHER,unknown,98904.0,57.100616016427104,5760.0,unknown,unknown,0.0,0.0,0.0,,0.0,0.0,1,14996.230000000001,0.0,0.0,973.0799999999999,0.0,0.0,high EMT volume (top 10%),0
393,SYNID0108158503,0.0015356027075458755,individual,CA,ON,WINDSOR,MALE,Single,STUDENT,unknown,9.0,,4203.0,unknown,unknown,0.0,0.0,0.0,,0.0,0.0,1,0.0,0.0,0.0,0.0,2.0,0.0,student,0
394,SYNID0109350359,0.0015325976734855565,individual,CA,ON,PETERBOROUGH,MALE,Single,OTHER,unknown,0.0,53.215605749486656,5748.0,unknown,unknown,0.0,0.0,0.0,,0.0,0.0,1,0.0,0.0,0.0,6530.79,0.0,0.18181818181818182,high EFT outflows (top 10%),0
395,SYNID0108036051,0.0015229377183832405,individual,CA,ON,STOUFFVILLE,MALE,unknown,OTHER,unknown,87551.0,52.60780287474333,9871.0,unknown,unknown,0.0,0.0,0.0,,0.0,0.0,1,976.1299999999999,0.0,0.0,7370.5,0.0,0.08333333333333333,high EFT outflows (top 10%),0
396,SYNID0106344327,0.001518879864341048,individual,CA,AB,LETHBRIDGE,FEMALE,Single,14100,General office support workers,81071.0,35.22245037645448,5035.0,unknown,unknown,0.0,0.0,0.0,,0.0,0.0,1,42.87,0.0,0.0,607.43,0.0,0.0,,0
397,SYNID0108220654,0.0015160670278849655,individual,CA,unknown,other,unknown,Unknown,OTHER,unknown,0.0,38.13278576317591,1441.0,unknown,unknown,0.0,0.0,0.0,,0.0,0.0,1,0.0,0.0,0.0,0.0,0.0,0.2413793103448276,,0
398,SYNID0103256605,0.0015157957534670515,individual,CA,unknown,other,unknown,Married,OTHER,unknown,0.0,57.464750171115675,970.0,unknown,unknown,0.0,0.0,0.0,,0.0,0.0,1,0.0,0.0,0.0,0.0,0.0,0.5,30%+ foreign card transactions,0
399,SYNID0107816145,0.001512126789834372,individual,CA,ON,ETOBICOKE,FEMALE,Single,74102,Couriers and messengers,0.0,31.10198494182067,,unknown,unknown,0.0,0.0,0.0,,0.0,0.0,1,1342.97,0.0,0.0,569.51,10.0,0.0,high cheque activity (top 10%),0
400,SYNID0108085897,0.001512077902872152,individual,CA,NS,DARTMOUTH,FEMALE,Single,60010,Corporate sales managers,9.0,55.97262149212868,6356.0,unknown,unknown,0.0,0.0,0.0,,0.0,0.0,1,9648.36,0.0,0.0,1182.9699999999998,10.0,0.0,high EMT volume (top 10%); high cheque activity (top 10%),0
401,SYNID0105396945,0.0015068493338865944,individual,CA,ON,VAUGHAN,FEMALE,unknown,64410,Security guards and related security service occupations,88121.0,66.59548254620123,6030.0,unknown,unknown,0.0,0.0,0.0,,0.0,0.0,1,1908.2599999999998,0.0,0.0,4113.299999999999,3.0,0.2222222222222222,,0
402,SYNID0106002962,0.0014960685358611627,individual,CA,BC,PRINCE GEORGE,MALE,Single,OTHER,unknown,31774.0,22.469541409993155,2509.0,unknown,unknown,0.0,0.0,0.0,,0.0,0.0,1,2788.85,0.0,0.0,616.3199999999999,1.0,0.25,,0
403,SYNID0105487023,0.0014937368232320726,individual,CA,NB,SAINT JOHN,FEMALE,Married,SELF_EMPLOYED,unknown,0.0,57.05681040383299,3833.0,unknown,unknown,0.0,0.0,0.0,,0.0,0.0,1,3941.48,0.0,0.0,303.61,1.0,0.125,,0
404,SYNID0103023946,0.0014879033204638593,individual,CA,unknown,other,FEMALE,Married,11100,Financial auditors and accountants,79048.0,46.27241615331965,4593.0,unknown,unknown,0.0,0.0,0.0,,0.0,0.0,1,4009.72,0.0,0.0,4616.58,0.0,0.16363636363636364,,0
405,SYNID0109787636,0.0014605022270347966,individual,CA,unknown,other,MALE,Single,SELF_EMPLOYED,unknown,0.0,57.39082819986311,2995.0,unknown,unknown,0.0,0.0,0.0,,0.0,0.0,1,1760.8600000000001,0.0,0.0,265.34,10.0,0.14878892733564014,high cheque activity (top 10%),0
406,SYNID0107824474,0.001430019345694661,individual,CA,ON,RENFREW,FEMALE,Married,41101,Lawyers and Quebec notaries,115766.0,49.1854893908282,,unknown,unknown,0.0,0.0,0.0,,0.0,0.0,1,13344.460000000001,0.0,0.0,4230.01,5.0,0.0,high EMT volume (top 10%),0
407,SYNID0105764587,0.001397615325718731,individual,CA,ON,SUDBURY,FEMALE,Single,OTHER,unknown,80762.0,58.80082135523614,7923.0,unknown,unknown,0.0,0.0,0.0,,0.0,0.0,1,832.3399999999999,0.0,0.0,6801.79,0.0,0.1797752808988764,high EFT outflows (top 10%),0
408,SYNID0107375801,0.0013964489998806375,individual,CA,ON,COBOURG,MALE,Single,10019,Other administrative services managers,53920.0,50.625598904859686,3564.0,unknown,unknown,0.0,0.0,0.0,,0.0,0.0,1,1128.26,0.0,0.0,3827.08,0.0,0.0,,0
409,SYNID0102032626,0.0013890840510633517,individual,CA,ON,AJAX,unknown,Married,OTHER,unknown,0.0,37.69199178644764,6607.0,unknown,unknown,0.0,0.0,0.0,,0.0,0.0,1,0.0,0.0,0.0,0.0,0.0,0.0,,0
410,SYNID0105439110,0.0013780288093116484,individual,CA,NS,DARTMOUTH,FEMALE,Divorced,OTHER,unknown,0.0,68.41067761806981,,unknown,unknown,0.0,0.0,0.0,,0.0,0.0,1,0.0,0.0,0.0,3966.0499999999997,4.0,0.2222222222222222,,0
411,SYNID0100059315,0.0013774123346579636,individual,CA,ON,WINDSOR,MALE,Single,UNEMPLOYED,unknown,18833.0,41.50855578370979,4749.0,unknown,unknown,0.0,0.0,0.0,,0.0,0.0,1,1906.9,0.0,0.0,0.0,0.0,0.0,unemployed,0
412,SYNID0100312479,0.001369855448107152,individual,CA,unknown,other,MALE,Married,63100,Insurance agents and brokers,71911.0,56.153319644079396,5266.0,unknown,unknown,0.0,0.0,0.0,,0.0,0.0,1,12253.169999999998,0.0,0.0,9024.3,0.0,0.09615384615384616,high EMT volume (top 10%); high EFT outflows (top 10%),0
413,SYNID0108403402,0.0013617526313448847,individual,CA,ON,TORONTO,FEMALE,Single,UNEMPLOYED,unknown,0.0,71.79739904175223,8607.0,unknown,unknown,0.0,0.0,0.0,,0.0,0.0,1,903.5400000000001,0.0,0.0,1711.23,0.0,0.3333333333333333,unemployed; 30%+ foreign card transactions,0
414,SYNID0102041322,0.0013549582524771872,individual,CA,QC,LAVAL,FEMALE,Unknown,11102,Financial advisors,0.0,27.02258726899384,,unknown,unknown,0.0,0.0,0.0,,0.0,0.0,1,285.79,0.0,0.0,1375.34,1.0,0.06666666666666667,,0
415,SYNID0101951944,0.0013424548668476502,individual,CA,AB,FORT MCMURRAY,MALE,Single,OTHER,unknown,60448.0,51.43874058863792,4013.0,unknown,unknown,0.0,0.0,0.0,,0.0,0.0,1,5082.330000000001,0.0,0.0,1871.25,0.0,0.14285714285714285,,0
416,SYNID0109221876,0.0013418293476557845,individual,CA,BC,COURTENAY,FEMALE,Married,14402,Production logistics workers,92283.0,44.38603696098563,5998.0,unknown,unknown,0.0,0.0,0.0,,0.0,0.0,1,4456.95,0.0,0.0,13539.51,0.0,0.0,high EFT outflows (top 10%),0
417,SYNID0200184466,0.0013284928869595875,smallbusiness,CA,AB,EDMONTON,unknown,unknown,unknown,unknown,0.0,,9034.0,7215,Holding Companies,2.0,25285.0,11535.0,2501.0,12642.5,0.0,0,0.0,0.0,0.0,0.0,6.0,0.0,,0
418,SYNID0108820966,0.0013049825389667097,individual,CA,BC,VANCOUVER,MALE,Married,70010,Construction managers,145727.0,36.98562628336756,780.0,unknown,unknown,0.0,0.0,0.0,,0.0,0.0,1,4411.99,0.0,0.0,2119.6099999999997,4.0,0.0,,0
419,SYNID0101498408,0.0013028664844168937,individual,CA,ON,WHITBY,MALE,Single,4130,Social and community service professionals,16675.0,55.58658453114305,9644.0,unknown,unknown,0.0,0.0,0.0,,0.0,0.0,1,0.0,0.0,0.0,0.0,2.0,0.0,,0
420,SYNID0104229086,0.0012946446946406822,individual,CA,ON,RICHMOND HILL,FEMALE,Single,OTHER,unknown,35603.0,52.629705681040384,4592.0,unknown,unknown,0.0,0.0,0.0,,0.0,0.0,1,0.0,0.0,0.0,0.0,0.0,0.0,,0
421,SYNID0104365112,0.0012904038258065998,individual,CA,unknown,other,FEMALE,Single,41220,Secondary school teachers,0.0,41.19644079397673,,unknown,unknown,0.0,0.0,0.0,,0.0,0.0,1,0.0,0.0,0.0,2193.05,0.0,0.18421052631578946,,0
422,SYNID0105073216,0.0012827688356161675,individual,CA,unknown,other,FEMALE,Single,RETIRED,unknown,45564.0,69.55236139630391,5677.0,unknown,unknown,0.0,0.0,0.0,,0.0,0.0,1,2938.1299999999997,0.0,0.0,1042.04,0.0,0.15789473684210525,,0
423,SYNID0109640764,0.0012796036664255907,individual,CA,ON,MISSISSAUGA,MALE,Married,OTHER,unknown,82620.0,53.497604380561256,11433.0,unknown,unknown,0.0,0.0,0.0,,0.0,0.0,1,2906.39,0.0,0.0,1222.79,3.0,0.2608695652173913,,0
424,SYNID0101119811,0.001275716034315334,individual,CA,ON,NIAGARA FALLS,MALE,Single,73300,Transport truck drivers,0.0,33.1854893908282,6741.0,unknown,unknown,0.0,0.0,0.0,,0.0,0.0,1,8092.26,0.0,0.0,591.35,1.0,0.0,,0
425,SYNID0108772273,0.0012654266790591338,individual,CA,NL,PARADISE,unknown,Single,60010,Corporate sales managers,66182.0,38.587268993839835,2391.0,unknown,unknown,0.0,0.0,0.0,,0.0,0.0,1,4265.26,0.0,0.0,3277.73,10.0,0.0,high cheque activity (top 10%),0
426,SYNID0105817345,0.001254944784135376,individual,CA,ON,TORONTO,MALE,Married,60010,Corporate sales managers,94474.0,39.121149897330596,7972.0,unknown,unknown,0.0,0.0,0.0,,0.0,0.0,1,200.89,0.0,0.0,418.54,0.0,0.0,,0
427,SYNID0109512808,0.0012537489435428192,individual,CA,unknown,other,MALE,Married,STUDENT,unknown,39524.0,42.672142368240934,1268.0,unknown,unknown,0.0,0.0,0.0,,0.0,0.0,1,40.28,0.0,0.0,375.16,1.0,0.4166666666666667,student; 30%+ foreign card transactions,0
428,SYNID0101742534,0.0012535345687139498,individual,CA,ON,TORONTO,unknown,Married,942,Assemblers and inspectors in manufacturing,45907.0,64.33401779603011,7722.0,unknown,unknown,0.0,0.0,0.0,,0.0,0.0,1,519.58,0.0,0.0,0.0,0.0,0.0,,0
429,SYNID0108484204,0.001236902588968045,individual,CA,AB,CALGARY,FEMALE,Single,12010,"Supervisors, general office and administrative support workers",51963.0,41.38809034907597,4615.0,unknown,unknown,0.0,0.0,0.0,,0.0,0.0,1,0.0,0.0,0.0,995.0699999999999,0.0,0.0,,0
430,SYNID0106645451,0.001235692234740496,individual,CA,unknown,other,unknown,Married,41220,Secondary school teachers,109448.0,,1979.0,unknown,unknown,0.0,0.0,0.0,,0.0,0.0,1,520.41,0.0,0.0,0.0,0.0,0.05555555555555555,,0
431,SYNID0109111562,0.0012125765246823342,individual,CA,unknown,other,MALE,Single,313,Nursing and allied health professionals,13.0,41.11978097193703,6607.0,unknown,unknown,0.0,0.0,0.0,,0.0,0.0,1,5878.9,0.0,0.0,0.0,0.0,0.0,,0
432,SYNID0105374937,0.0011792860726014807,individual,CA,NB,FREDERICTON,FEMALE,Single,OTHER,unknown,0.0,47.16495550992471,11918.0,unknown,unknown,0.0,0.0,0.0,,0.0,0.0,1,1953.4,0.0,0.0,339.09,0.0,0.3333333333333333,30%+ foreign card transactions,0
433,SYNID0108683646,0.0011746402456938802,individual,CA,ON,WINDSOR,MALE,Married,10019,Other administrative services managers,85897.0,49.68377823408624,6718.0,unknown,unknown,0.0,0.0,0.0,,0.0,0.0,1,1136.21,0.0,0.0,633.8199999999999,3.0,0.18181818181818182,,0
434,SYNID0105279737,0.0011514790151038066,individual,CA,ON,TORONTO,FEMALE,Single,SELF_EMPLOYED,unknown,37163.0,56.31759069130732,2539.0,unknown,unknown,0.0,0.0,0.0,,0.0,0.0,1,0.0,0.0,0.0,0.0,2.0,0.1,,0
435,SYNID0102413123,0.001145712962670876,individual,CA,unknown,other,MALE,Divorced,73300,Transport truck drivers,60183.0,62.69678302532512,10713.0,unknown,unknown,0.0,0.0,0.0,,0.0,0.0,1,565.77,0.0,0.0,1739.9899999999998,0.0,0.2236024844720497,,0
436,SYNID0105418797,0.0011433987295620571,individual,CA,unknown,other,FEMALE,Single,14402,Production logistics workers,51396.0,66.65023956194388,13389.0,unknown,unknown,0.0,0.0,0.0,,0.0,0.0,1,895.51,0.0,0.0,835.69,0.0,0.20284697508896798,,0
437,SYNID0105519864,0.0011341305832040327,individual,CA,ON,BURLINGTON,FEMALE,Single,OTHER,unknown,85040.0,53.11430527036276,11890.0,unknown,unknown,0.0,0.0,0.0,,0.0,0.0,1,6393.41,0.0,0.0,5560.25,1.0,0.1568627450980392,high EFT outflows (top 10%),0
438,SYNID0106661715,0.0011217596090430236,individual,CA,AB,CALGARY,MALE,Single,OTHER,unknown,65800.0,55.997262149212865,9302.0,unknown,unknown,0.0,0.0,0.0,,0.0,0.0,1,13424.33,0.0,0.0,623.88,14.0,0.1,high EMT volume (top 10%); high cheque activity (top 10%),0
439,SYNID0108559180,0.0011112357505535708,individual,CA,ON,BRAMPTON,MALE,Unknown,SELF_EMPLOYED,unknown,41217.0,23.460643394934976,2334.0,unknown,unknown,0.0,0.0,0.0,,0.0,0.0,1,1099.66,0.0,0.0,1613.9299999999998,0.0,0.0,,0
440,SYNID0104264177,0.0011110783237795162,individual,CA,unknown,other,unknown,Unknown,10019,Other administrative services managers,53206.0,52.40246406570842,2914.0,unknown,unknown,0.0,0.0,0.0,,0.0,0.0,1,0.0,0.0,0.0,0.0,2.0,0.3148148148148148,30%+ foreign card transactions,0
441,SYNID0106444253,0.0011021434535429724,individual,CA,unknown,other,FEMALE,Married,31102,General practitioners and family physicians,0.0,31.449691991786448,1932.0,unknown,unknown,0.0,0.0,0.0,,0.0,0.0,1,0.0,0.0,0.0,0.0,1.0,0.2,,0
442,SYNID0102987536,0.0011015190645990078,individual,CA,ON,MISSISSAUGA,FEMALE,Married,UNEMPLOYED,unknown,0.0,57.50855578370979,2670.0,unknown,unknown,0.0,0.0,0.0,,0.0,0.0,1,174.66,0.0,0.0,0.0,0.0,0.0,unemployed,0
443,SYNID0103657640,0.0010962395800086244,individual,CA,ON,ETOBICOKE,MALE,Divorced,OTHER,unknown,20186.0,55.148528405201915,10663.0,unknown,unknown,0.0,0.0,0.0,,0.0,0.0,1,0.0,0.0,0.0,0.0,0.0,0.0,,0
444,SYNID0104955821,0.0010915456413579075,individual,CA,unknown,other,FEMALE,Married,73300,Transport truck drivers,98256.0,51.08555783709788,2917.0,unknown,unknown,0.0,0.0,0.0,,0.0,0.0,1,5833.69,0.0,0.0,5378.84,1.0,0.3,high EFT outflows (top 10%),0
445,SYNID0102404344,0.001066591872086019,individual,CA,unknown,other,MALE,Married,10019,Other administrative services managers,65014.0,33.53867214236824,,unknown,unknown,0.0,0.0,0.0,,0.0,0.0,1,22184.55,0.0,0.0,536.4,1.0,0.0,high EMT volume (top 10%),0
446,SYNID0101008970,0.0010624978246742383,individual,CA,unknown,other,FEMALE,Single,11201,Professional occupations in business management consulting,64037.0,59.488021902806295,6396.0,unknown,unknown,0.0,0.0,0.0,,0.0,0.0,1,1646.4799999999998,0.0,0.0,290.47,2.0,0.3,,0
447,SYNID0200099912,0.0010614047368320474,smallbusiness,CA,ON,NORTH YORK,unknown,unknown,unknown,unknown,0.0,,,4274,Finish Carpentry,2.0,322873.0,7552.0,,161436.5,0.0,0,0.0,0.0,0.0,0.0,25.0,0.4782608695652174,30%+ foreign card transactions; high cheque activity (top 10%),0
448,SYNID0100136442,0.0010547746561722965,individual,CA,unknown,other,MALE,Divorced,SELF_EMPLOYED,unknown,101030.0,63.14031485284052,2556.0,unknown,unknown,0.0,0.0,0.0,,0.0,0.0,1,0.0,0.0,0.0,860.5899999999999,0.0,0.12244897959183673,,0
449,SYNID0102502963,0.001049457067155447,individual,CA,ON,MISSISSAUGA,MALE,Married,SELF_EMPLOYED,unknown,148459.0,,3431.0,unknown,unknown,0.0,0.0,0.0,,0.0,0.0,1,8563.19,0.0,0.0,0.0,0.0,0.0,,0
450,SYNID0107454374,0.001038006959674483,individual,CA,ON,WOODBRIDGE,FEMALE,Married,60010,Corporate sales managers,189603.0,50.66392881587954,4200.0,unknown,unknown,0.0,0.0,0.0,,0.0,0.0,1,0.0,0.0,0.0,0.0,0.0,0.0,,0
451,SYNID0109164594,0.0010320094645945863,individual,CA,unknown,other,MALE,Unknown,OTHER,unknown,0.0,73.160848733744,1794.0,unknown,unknown,0.0,0.0,0.0,,0.0,0.0,1,0.0,0.0,0.0,0.0,0.0,0.5,30%+ foreign card transactions,0
452,SYNID0103944180,0.0010218420232156764,individual,CA,ON,BELLEVILLE,FEMALE,Single,313,Nursing and allied health professionals,46469.0,48.07939767282683,8428.0,unknown,unknown,0.0,0.0,0.0,,0.0,0.0,1,601.92,0.0,0.0,2415.11,0.0,0.0,,0
453,SYNID0105828735,0.0010156383729733437,individual,CA,ON,MISSISSAUGA,FEMALE,Married,7201,"Contractors and supervisors, technical industrial, electrical and construction trades and related workers",14.0,52.8104038329911,6634.0,unknown,unknown,0.0,0.0,0.0,,0.0,0.0,1,0.0,0.0,0.0,0.0,0.0,0.0,,0
454,SYNID0105626251,0.001007337936986826,individual,CA,unknown,other,FEMALE,Married,RETIRED,unknown,54500.0,78.97330595482546,9628.0,unknown,unknown,0.0,0.0,0.0,,0.0,0.0,1,1075.3,0.0,0.0,8987.04,0.0,0.16730038022813687,high EFT outflows (top 10%),0
455,SYNID0101150580,0.0010060726599450984,individual,CA,ON,TORONTO,FEMALE,Unknown,RETIRED,unknown,0.0,78.76796714579055,9445.0,unknown,unknown,0.0,0.0,0.0,,0.0,0.0,1,0.0,0.0,0.0,897.26,0.0,0.2857142857142857,,0
456,SYNID0107633404,0.0009901658123397247,individual,CA,BC,PRINCE GEORGE,MALE,Single,OTHER,unknown,34009.0,47.67419575633128,9404.0,unknown,unknown,0.0,0.0,0.0,,0.0,0.0,1,968.44,0.0,0.0,1205.49,0.0,0.1935483870967742,,0
457,SYNID0108509674,0.000985758336458933,individual,CA,ON,BELLEVILLE,FEMALE,Unknown,OTHER,unknown,44016.0,66.42299794661191,3832.0,unknown,unknown,0.0,0.0,0.0,,0.0,0.0,1,0.0,0.0,0.0,0.0,0.0,0.16666666666666666,,0
458,SYNID0102288697,0.0009829300324074668,individual,CA,AB,CALGARY,FEMALE,Married,RETIRED,unknown,0.0,71.0116358658453,8111.0,unknown,unknown,0.0,0.0,0.0,,0.0,0.0,1,0.0,0.0,0.0,2399.89,0.0,0.16216216216216217,,0
459,SYNID0104533314,0.0009769569410795962,individual,CA,ON,TORONTO,MALE,Married,RETIRED,unknown,104430.0,76.10677618069815,4631.0,unknown,unknown,0.0,0.0,0.0,,0.0,0.0,1,12601.949999999999,0.0,0.0,0.0,0.0,0.0,high EMT volume (top 10%),0
460,SYNID0104892326,0.0009755771034934786,individual,CA,unknown,other,MALE,Married,OTHER,unknown,153528.0,56.91170431211499,4898.0,unknown,unknown,0.0,0.0,0.0,,0.0,0.0,1,2779.76,0.0,0.0,3373.09,3.0,0.3258426966292135,30%+ foreign card transactions,0
461,SYNID0105517063,0.0009747252672947099,individual,CA,unknown,other,FEMALE,Married,OTHER,unknown,0.0,41.61533196440794,1597.0,unknown,unknown,0.0,0.0,0.0,,0.0,0.0,1,6361.47,0.0,0.0,3563.48,1.0,0.13043478260869565,,0
462,SYNID0100386740,0.0009740070777568995,individual,CA,unknown,other,MALE,Married,OTHER,unknown,92675.0,59.676933607118414,,unknown,unknown,0.0,0.0,0.0,,0.0,0.0,1,2554.99,0.0,0.0,0.0,0.0,0.1853932584269663,,0
463,SYNID0106894557,0.000966490066474571,individual,CA,ON,ETOBICOKE,MALE,Single,11101,Financial and investment analysts,0.0,30.732375085557837,10246.0,unknown,unknown,0.0,0.0,0.0,,0.0,0.0,1,6237.09,0.0,0.0,282.46,4.0,0.0,,0
464,SYNID0107565904,0.0009578815005626659,individual,CA,ON,EAST YORK,MALE,unknown,SELF_EMPLOYED,unknown,0.0,54.56810403832991,8045.0,unknown,unknown,0.0,0.0,0.0,,0.0,0.0,1,224.18,0.0,0.0,1945.62,4.0,0.5,30%+ foreign card transactions,0
465,SYNID0200176428,0.0009568522770296103,smallbusiness,CA,ON,ETOBICOKE,unknown,unknown,unknown,unknown,0.0,,,9711,Barber Shops,1.0,152536.0,9227.0,,152536.0,0.0,0,0.0,0.0,0.0,0.0,1.0,0.0,,0
466,SYNID0103174511,0.0009488990632596608,individual,CA,ON,LONDON,FEMALE,Married,OTHER,unknown,73343.0,64.84325804243669,10798.0,unknown,unknown,0.0,0.0,0.0,,0.0,0.0,1,4723.41,0.0,0.0,1436.22,2.0,0.16129032258064516,,0
467,SYNID0109302306,0.0009466935905194777,individual,CA,unknown,other,FEMALE,Unknown,OTHER,unknown,0.0,38.81998631074607,1903.0,unknown,unknown,0.0,0.0,0.0,,0.0,0.0,1,4077.56,0.0,0.0,8340.36,3.0,0.19014084507042253,high EFT outflows (top 10%),0
468,SYNID0100657117,0.0009465286664953123,individual,CA,ON,THORNHILL,MALE,Single,OTHER,unknown,107720.0,66.26146475017111,4962.0,unknown,unknown,0.0,0.0,0.0,,0.0,0.0,1,0.0,0.0,0.0,1875.54,0.0,0.16666666666666666,,0
469,SYNID0101483157,0.0009214860239976542,individual,CA,unknown,other,FEMALE,Married,OTHER,unknown,23984.0,37.856262833675565,3189.0,unknown,unknown,0.0,0.0,0.0,,0.0,0.0,1,0.0,0.0,0.0,0.0,0.0,0.2127659574468085,,0
470,SYNID0101466682,0.0009105304844299034,individual,CA,ON,OAKVILLE,MALE,unknown,10010,Financial managers,654170.0,52.832306639288156,9466.0,unknown,unknown,0.0,0.0,0.0,,0.0,0.0,1,1334.5200000000002,0.0,0.0,7979.91,3.0,0.09090909090909091,high EFT outflows (top 10%),0
471,SYNID0103194731,0.0009028783979617288,individual,CA,unknown,other,FEMALE,Single,OTHER,unknown,0.0,60.65160848733744,9381.0,unknown,unknown,0.0,0.0,0.0,,0.0,0.0,1,5810.5199999999995,0.0,0.0,7555.68,3.0,0.20689655172413793,high EFT outflows (top 10%),0
472,SYNID0104019026,0.0008870438311371319,individual,CA,ON,MARKHAM,MALE,Married,12010,"Supervisors, general office and administrative support workers",44734.0,43.219712525667354,1669.0,unknown,unknown,0.0,0.0,0.0,,0.0,0.0,1,273.58,0.0,0.0,1757.92,0.0,0.0,,0
473,SYNID0100348654,0.0008810330634257429,individual,CA,unknown,other,MALE,Single,RETIRED,unknown,9.0,68.99657768651609,3794.0,unknown,unknown,0.0,0.0,0.0,,0.0,0.0,1,0.0,0.0,0.0,4131.85,0.0,0.1827956989247312,,0
474,SYNID0103213516,0.00087926455082155,individual,CA,ON,SCARBOROUGH,MALE,Married,SELF_EMPLOYED,unknown,108647.0,46.72689938398357,5163.0,unknown,unknown,0.0,0.0,0.0,,0.0,0.0,1,3781.45,0.0,0.0,4859.37,5.0,0.2087912087912088,,0
475,SYNID0102947970,0.0008777258259019579,individual,CA,ON,WINDSOR,MALE,Married,OTHER,unknown,56325.0,49.52498288843258,10494.0,unknown,unknown,0.0,0.0,0.0,,0.0,0.0,1,0.0,0.0,0.0,210.39,0.0,0.13924050632911392,,0
476,SYNID0105392811,0.0008757948868883192,individual,CA,QC,MONTREAL,MALE,Married,SELF_EMPLOYED,unknown,89081.0,61.88637919233402,7561.0,unknown,unknown,0.0,0.0,0.0,,0.0,0.0,1,3211.16,0.0,0.0,8866.25,2.0,0.1895734597156398,high EFT outflows (top 10%),0
477,SYNID0101846216,0.0008593784020341365,individual,CA,AB,EDMONTON,FEMALE,Single,OTHER,unknown,0.0,48.69267624914442,9363.0,unknown,unknown,0.0,0.0,0.0,,0.0,0.0,1,0.0,0.0,0.0,3500.9900000000002,0.0,0.07142857142857142,,0
478,SYNID0104210533,0.0008592758547994462,individual,CA,AB,EDMONTON,FEMALE,Married,RETIRED,unknown,11877.0,82.39561943874058,10453.0,unknown,unknown,0.0,0.0,0.0,,0.0,0.0,1,0.0,0.0,0.0,0.0,0.0,0.21739130434782608,,0
479,SYNID0200595968,0.0008568399340558886,smallbusiness,CA,unknown,other,unknown,unknown,unknown,unknown,0.0,,4945.0,8669,Offices of Other Health Practitioners,2.0,0.0,5119.0,174.0,0.0,0.0,0,3225.9,0.0,0.0,25097.039999999997,28.0,0.0,employees but zero revenue; high EFT outflows (top 10%); high cheque activity (top 10%),0
480,SYNID0100485095,0.0008546852771381404,individual,CA,NS,HALIFAX,FEMALE,Married,OTHER,unknown,58724.0,47.64681724845996,7379.0,unknown,unknown,0.0,0.0,0.0,,0.0,0.0,1,1720.22,0.0,0.0,745.52,0.0,0.09302325581395349,,0
481,SYNID0107469897,0.0008509160699926845,individual,CA,ON,TORONTO,MALE,unknown,OTHER,unknown,31627.0,45.34154688569473,9989.0,unknown,unknown,0.0,0.0,0.0,,0.0,0.0,1,0.0,0.0,0.0,1592.3999999999999,6.0,0.15625,,0
482,SYNID0105248169,0.0008436982409755225,individual,CA,unknown,other,MALE,Unknown,UNEMPLOYED,unknown,35182.0,48.37234770704997,1262.0,unknown,unknown,0.0,0.0,0.0,,0.0,0.0,1,394.37,0.0,0.0,616.79,2.0,0.2169811320754717,unemployed,0
483,SYNID0106293880,0.0008360088500892828,individual,CA,unknown,other,MALE,Single,95109,"Other labourers in processing, manufacturing and utilities",70746.0,,12185.0,unknown,unknown,0.0,0.0,0.0,,0.0,0.0,1,4714.929999999999,0.0,0.0,81.31,0.0,0.16312056737588654,,0
484,SYNID0104033417,0.0008354145931668145,individual,CA,ON,AURORA,FEMALE,Married,OTHER,unknown,0.0,47.39493497604381,10790.0,unknown,unknown,0.0,0.0,0.0,,0.0,0.0,1,4541.33,0.0,0.0,2689.5499999999997,0.0,0.1827956989247312,,0
485,SYNID0100480794,0.0008230110544098111,individual,CA,ON,BURLINGTON,FEMALE,Married,RETIRED,unknown,31516.0,69.0321697467488,6709.0,unknown,unknown,0.0,0.0,0.0,,0.0,0.0,1,2099.6,0.0,0.0,619.03,0.0,0.0,,0
486,SYNID0103413193,0.0008226114805593161,individual,CA,BC,NANAIMO,MALE,Single,RETIRED,unknown,86224.0,69.12799452429843,9482.0,unknown,unknown,0.0,0.0,0.0,,0.0,0.0,1,0.0,0.0,0.0,1777.3600000000001,0.0,0.10687022900763359,,0
487,SYNID0106247521,0.000795393319405995,individual,CA,unknown,other,FEMALE,Single,UNEMPLOYED,unknown,49311.0,30.882956878850102,5047.0,unknown,unknown,0.0,0.0,0.0,,0.0,0.0,1,8263.51,0.0,0.0,1220.43,0.0,0.0,unemployed,0
488,SYNID0109338038,0.0007927971883424503,individual,CA,unknown,other,FEMALE,Single,OTHER,unknown,0.0,39.663244353182755,6693.0,unknown,unknown,0.0,0.0,0.0,,0.0,0.0,1,1194.56,0.0,0.0,2439.19,0.0,0.22330097087378642,,0
489,SYNID0106838129,0.0007922248588747405,individual,CA,BC,SURREY,unknown,Married,SELF_EMPLOYED,unknown,109383.0,44.780287474332646,2950.0,unknown,unknown,0.0,0.0,0.0,,0.0,0.0,1,9.47,0.0,0.0,0.0,0.0,0.0,,0
490,SYNID0105235476,0.0007909353596559101,individual,CA,NL,CORNER BROOK,MALE,Married,OTHER,unknown,39702.0,,11085.0,unknown,unknown,0.0,0.0,0.0,,0.0,0.0,1,0.0,0.0,0.0,0.0,0.0,0.19318181818181818,,0
491,SYNID0108253417,0.0007872902511179878,individual,CA,unknown,other,MALE,unknown,OTHER,unknown,132030.0,36.04106776180698,7544.0,unknown,unknown,0.0,0.0,0.0,,0.0,0.0,1,665.0699999999999,0.0,0.0,2741.56,0.0,0.2692307692307692,,0
492,SYNID0101720951,0.0007769525563449864,individual,CA,BC,BURNABY,FEMALE,unknown,RETIRED,unknown,0.0,63.92607802874743,4321.0,unknown,unknown,0.0,0.0,0.0,,0.0,0.0,1,4246.59,0.0,0.0,6189.82,4.0,0.1,high EFT outflows (top 10%),0
493,SYNID0107145869,0.0007614891866922662,individual,CA,ON,BRAMPTON,FEMALE,Widowed,RETIRED,unknown,49205.0,83.14852840520192,14003.0,unknown,unknown,0.0,0.0,0.0,,0.0,0.0,1,0.0,0.0,0.0,1242.5,1.0,0.17532467532467533,,0
494,SYNID0109229186,0.0007564567265624736,individual,CA,ON,SAULT STE. MARIE,MALE,Divorced,12010,"Supervisors, general office and administrative support workers",51760.0,58.41204654346338,4745.0,unknown,unknown,0.0,0.0,0.0,,0.0,0.0,1,0.0,0.0,0.0,2300.43,4.0,0.0,,0
495,SYNID0108740866,0.0007533972343550427,individual,CA,unknown,other,MALE,Married,65100,Cashiers,42554.0,53.50581793292265,7542.0,unknown,unknown,0.0,0.0,0.0,,0.0,0.0,1,108.4,0.0,0.0,0.0,2.0,0.2,,0
496,SYNID0103229035,0.0007523328623408849,individual,CA,ON,NEWMARKET,MALE,Single,SELF_EMPLOYED,unknown,101023.0,44.90622861054072,12539.0,unknown,unknown,0.0,0.0,0.0,,0.0,0.0,1,2016.61,0.0,0.0,943.8299999999999,5.0,0.5,30%+ foreign card transactions,0
497,SYNID0106130647,0.0007475279038048341,individual,CA,ON,MISSISSAUGA,MALE,Single,SELF_EMPLOYED,unknown,0.0,42.80355920602327,,unknown,unknown,0.0,0.0,0.0,,0.0,0.0,1,0.0,0.0,0.0,3429.72,0.0,0.0,,0
498,SYNID0100090388,0.0007471589465744019,individual,CA,unknown,other,FEMALE,Married,10019,Other administrative services managers,0.0,,11827.0,unknown,unknown,0.0,0.0,0.0,,0.0,0.0,1,17434.26,0.0,0.0,2125.56,13.0,0.20869565217391303,high EMT volume (top 10%); high cheque activity (top 10%),0
499,SYNID0102210225,0.00073543183111333,individual,CA,AB,RED DEER,MALE,Single,RETIRED,unknown,114364.0,64.435318275154,12189.0,unknown,unknown,0.0,0.0,0.0,,0.0,0.0,1,2734.51,0.0,0.0,3558.63,1.0,0.1782178217821782,,0
500,SYNID0107746772,0.0007330601344937689,individual,CA,ON,HAMILTON,FEMALE,unknown,RETIRED,unknown,56527.0,66.18754277891856,1994.0,unknown,unknown,0.0,0.0,0.0,,0.0,0.0,1,0.0,0.0,0.0,3411.6800000000003,0.0,0.0,,0
501,SYNID0101025017,0.0007329233595423589,individual,CA,ON,WINDSOR,MALE,Unknown,65100,Cashiers,38992.0,68.25735797399042,3294.0,unknown,unknown,0.0,0.0,0.0,,0.0,0.0,1,0.0,0.0,0.0,889.25,5.0,0.06666666666666667,,0
502,SYNID0105685244,0.0007328907752729971,individual,CA,ON,BRAMPTON,MALE,Married,31209,Other professional occupations in health diagnosing and treating,105957.0,48.91170431211499,7577.0,unknown,unknown,0.0,0.0,0.0,,0.0,0.0,1,5577.75,0.0,0.0,5500.139999999999,1.0,0.0,high EFT outflows (top 10%),0
503,SYNID0103688107,0.0007290589008768524,individual,CA,AB,EDMONTON,FEMALE,Married,4001,Managers in public administration,84281.0,,8199.0,unknown,unknown,0.0,0.0,0.0,,0.0,0.0,1,3654.2099999999996,0.0,0.0,659.47,2.0,0.125,,0
504,SYNID0101460151,0.0007207888592420518,individual,CA,unknown,other,MALE,Married,72410,"Automotive service technicians, truck and bus mechanics and mechanical repairers",80101.0,42.27241615331965,2814.0,unknown,unknown,0.0,0.0,0.0,,0.0,0.0,1,2530.56,0.0,0.0,1445.3000000000002,0.0,0.2,,0
505,SYNID0106053941,0.0007151466595924348,individual,CA,ON,TORONTO,unknown,Single,RETIRED,unknown,9.0,76.39425051334702,8408.0,unknown,unknown,0.0,0.0,0.0,,0.0,0.0,1,2032.6699999999998,0.0,0.0,1436.38,0.0,0.0,,0
506,SYNID0100233347,0.000713180890011016,individual,CA,ON,LONDON,unknown,Married,UNEMPLOYED,unknown,20674.0,44.84599589322382,6189.0,unknown,unknown,0.0,0.0,0.0,,0.0,0.0,1,0.0,0.0,0.0,1405.2,0.0,0.0,unemployed,0
507,SYNID0108487243,0.0007067399830442703,individual,CA,ON,ETOBICOKE,MALE,Married,SELF_EMPLOYED,unknown,116660.0,47.05544147843943,3879.0,unknown,unknown,0.0,0.0,0.0,,0.0,0.0,1,4311.66,0.0,0.0,13551.0,9.0,0.3333333333333333,high EFT outflows (top 10%); 30%+ foreign card transactions; high cheque activity (top 10%),0
508,SYNID0100845552,0.0007034141301419521,individual,CA,AB,CALGARY,FEMALE,Married,42202,Early childhood educators and assistants,41690.0,51.79739904175222,11291.0,unknown,unknown,0.0,0.0,0.0,,0.0,0.0,1,1710.1999999999998,0.0,0.0,4153.17,2.0,0.0,,0
509,SYNID0106141683,0.0007009125922732662,individual,CA,AB,EDMONTON,MALE,Married,SELF_EMPLOYED,unknown,0.0,30.151950718685832,1948.0,unknown,unknown,0.0,0.0,0.0,,0.0,0.0,1,2912.4300000000003,0.0,0.0,789.48,0.0,0.0,,0
510,SYNID0100663787,0.000698299619559096,individual,CA,ON,BRAMPTON,MALE,Married,SELF_EMPLOYED,unknown,0.0,54.978781656399725,1716.0,unknown,unknown,0.0,0.0,0.0,,0.0,0.0,1,0.0,0.0,0.0,0.0,45.0,0.14130434782608695,high cheque activity (top 10%),0
511,SYNID0108646125,0.0006924554920418769,individual,CA,AB,ST. ALBERT,unknown,Married,20012,Computer and information systems managers,78155.0,59.64681724845996,10391.0,unknown,unknown,0.0,0.0,0.0,,0.0,0.0,1,0.0,0.0,0.0,2206.96,1.0,0.1875,,0
512,SYNID0105860180,0.0006910403772029804,individual,CA,ON,TORONTO,MALE,Married,SELF_EMPLOYED,unknown,70702.0,61.503080082135526,5354.0,unknown,unknown,0.0,0.0,0.0,,0.0,0.0,1,363.73,0.0,0.0,2271.14,0.0,0.15384615384615385,,0
513,SYNID0200265288,0.0006818963079555383,smallbusiness,CA,AB,LEDUC,unknown,unknown,unknown,unknown,0.0,,11646.0,9861,Civic and Fraternal Organizations,1.0,128362.0,11198.0,-448.0,128362.0,0.0,0,1078.21,0.0,0.0,446.73,0.0,0.0,onboarded <30 days after business founding,0
514,SYNID0109480928,0.0006808704919409784,individual,CA,BC,VANCOUVER,MALE,Married,OTHER,unknown,36862.0,73.53867214236824,6552.0,unknown,unknown,0.0,0.0,0.0,,0.0,0.0,1,3238.47,0.0,0.0,114.69,0.0,0.15,,0
515,SYNID0101545139,0.0006780076607969625,individual,CA,QC,GATINEAU,FEMALE,Divorced,OTHER,unknown,92897.0,58.20396988364134,3158.0,unknown,unknown,0.0,0.0,0.0,,0.0,0.0,1,0.0,0.0,0.0,64.63,0.0,0.0,,0
516,SYNID0100562476,0.0006751118733505146,individual,CA,ON,STOUFFVILLE,MALE,Married,73300,Transport truck drivers,116054.0,54.496919917864474,8156.0,unknown,unknown,0.0,0.0,0.0,,0.0,0.0,1,353.24,0.0,0.0,507.11,1.0,0.2413793103448276,,0
517,SYNID0100188433,0.0006751050004916976,individual,CA,unknown,other,MALE,unknown,64409,Other customer and information services representatives,105069.0,55.78918548939083,2107.0,unknown,unknown,0.0,0.0,0.0,,0.0,0.0,1,0.0,0.0,0.0,3638.8100000000004,0.0,0.20634920634920634,,0
518,SYNID0107446827,0.0006715081197784757,individual,CA,unknown,other,MALE,Married,0,Legislative and senior management occupations,87653.0,38.19849418206708,3354.0,unknown,unknown,0.0,0.0,0.0,,0.0,0.0,1,1166.41,0.0,0.0,134.93,0.0,0.17582417582417584,,0
519,SYNID0108970515,0.0006643523070436335,individual,CA,unknown,other,unknown,unknown,RETIRED,unknown,0.0,69.29226557152636,1745.0,unknown,unknown,0.0,0.0,0.0,,0.0,0.0,1,0.0,0.0,0.0,0.0,0.0,0.11235955056179775,,0
520,SYNID0108058623,0.0006557609627240167,individual,CA,unknown,other,MALE,Unknown,12010,"Supervisors, general office and administrative support workers",54666.0,73.63997262149213,6387.0,unknown,unknown,0.0,0.0,0.0,,0.0,0.0,1,0.0,0.0,0.0,3645.77,0.0,0.168141592920354,,0
521,SYNID0107286914,0.0006538554600909222,individual,CA,AB,EDMONTON,FEMALE,Married,OTHER,unknown,74584.0,36.459958932238195,8409.0,unknown,unknown,0.0,0.0,0.0,,0.0,0.0,1,262.83,0.0,0.0,135.95,0.0,0.1111111111111111,,0
522,SYNID0105247778,0.0006481722680814342,individual,CA,ON,ST CATHARINES,FEMALE,Single,UNEMPLOYED,unknown,17979.0,70.45585215605749,3808.0,unknown,unknown,0.0,0.0,0.0,,0.0,0.0,1,0.0,0.0,0.0,424.15000000000003,0.0,0.0,unemployed,0
523,SYNID0109633929,0.000641289521571711,individual,CA,ON,MISSISSAUGA,FEMALE,Married,14200,Accounting and related clerks,40337.0,64.83504449007529,11263.0,unknown,unknown,0.0,0.0,0.0,,0.0,0.0,1,0.0,0.0,0.0,2242.61,0.0,0.16666666666666666,,0
524,SYNID0105409007,0.0006407066255477267,individual,CA,ON,BRAMPTON,MALE,Single,21232,Software developers and programmers,101236.0,,,unknown,unknown,0.0,0.0,0.0,,0.0,0.0,1,655.38,0.0,0.0,3217.71,1.0,0.16666666666666666,,0
525,SYNID0100644335,0.0006332625703019145,individual,CA,ON,MISSISSAUGA,MALE,Married,22301,Mechanical engineering technologists and technicians,120525.0,53.79876796714579,12279.0,unknown,unknown,0.0,0.0,0.0,,0.0,0.0,1,1837.32,0.0,0.0,3058.51,0.0,0.25,,0
526,SYNID0103088142,0.0006297137335511848,individual,CA,unknown,other,FEMALE,Married,OTHER,unknown,56343.0,37.68925393566051,3673.0,unknown,unknown,0.0,0.0,0.0,,0.0,0.0,1,0.0,0.0,0.0,0.0,0.0,0.23076923076923078,,0
527,SYNID0103621104,0.0006277532598528378,individual,CA,unknown,other,unknown,Single,41220,Secondary school teachers,44558.0,41.68377823408624,12492.0,unknown,unknown,0.0,0.0,0.0,,0.0,0.0,1,10419.95,0.0,0.0,519.0,0.0,0.0,high EMT volume (top 10%),0
528,SYNID0100944891,0.0006172988268404155,individual,CA,ON,HAMILTON,MALE,unknown,SELF_EMPLOYED,unknown,0.0,54.09993155373032,6772.0,unknown,unknown,0.0,0.0,0.0,,0.0,0.0,1,5189.96,0.0,0.0,10979.87,1.0,0.0,high EFT outflows (top 10%),0
529,SYNID0108623675,0.0006051354151097097,individual,CA,ON,TIMMINS,FEMALE,Married,3211,Technical occupations in dental health care,0.0,60.80766598220397,6426.0,unknown,unknown,0.0,0.0,0.0,,0.0,0.0,1,8685.63,0.0,0.0,939.94,2.0,0.0,,0
530,SYNID0100125047,0.0005908300822773489,individual,CA,ON,LONDON,MALE,Married,RETIRED,unknown,0.0,68.22724161533196,12195.0,unknown,unknown,0.0,0.0,0.0,,0.0,0.0,1,3718.25,0.0,0.0,1473.46,0.0,0.0,,0
531,SYNID0103422409,0.0005860336472471795,individual,CA,QC,MONTREAL,unknown,unknown,OTHER,unknown,53394.0,,8835.0,unknown,unknown,0.0,0.0,0.0,,0.0,0.0,1,0.0,0.0,0.0,263.3,6.0,0.16666666666666666,,0
532,SYNID0108413511,0.0005772126677974424,individual,CA,ON,RICHMOND HILL,MALE,Married,10011,Human resources managers,164230.0,60.27378507871321,,unknown,unknown,0.0,0.0,0.0,,0.0,0.0,1,3358.1299999999997,0.0,0.0,25175.84,2.0,0.18181818181818182,high EFT outflows (top 10%),0
533,SYNID0107838303,0.0005771831892186881,individual,CA,ON,CAMBRIDGE,unknown,Married,UNEMPLOYED,unknown,2092.0,74.78986995208761,12917.0,unknown,unknown,0.0,0.0,0.0,,0.0,0.0,1,0.0,0.0,0.0,0.0,0.0,0.0,unemployed,0
534,SYNID0105699266,0.0005767147960776586,individual,CA,unknown,other,FEMALE,Married,14102,Personnel clerks,68949.0,32.40520191649555,7857.0,unknown,unknown,0.0,0.0,0.0,,0.0,0.0,1,7248.37,0.0,0.0,1329.22,0.0,0.2916666666666667,,0
535,SYNID0105409946,0.0005735481134004061,individual,CA,ON,MAPLE,MALE,unknown,OTHER,unknown,63085.0,37.7056810403833,,unknown,unknown,0.0,0.0,0.0,,0.0,0.0,1,625.73,0.0,0.0,675.02,2.0,0.0,,0
536,SYNID0106542854,0.0005662882356877189,individual,CA,ON,INNISFIL,FEMALE,Unknown,RETIRED,unknown,15850.0,82.34633812457221,3987.0,unknown,unknown,0.0,0.0,0.0,,0.0,0.0,1,0.0,0.0,0.0,368.59000000000003,2.0,0.3,,0
537,SYNID0100742735,0.0005641598927470908,individual,CA,ON,BRAMPTON,FEMALE,Married,OTHER,unknown,67652.0,58.63381245722108,8103.0,unknown,unknown,0.0,0.0,0.0,,0.0,0.0,1,13326.47,0.0,0.0,283.83000000000004,0.0,0.11538461538461539,high EMT volume (top 10%),0
538,SYNID0105549405,0.0005591487472518634,individual,CA,unknown,other,MALE,Married,31209,Other professional occupations in health diagnosing and treating,25340.0,,2528.0,unknown,unknown,0.0,0.0,0.0,,0.0,0.0,1,0.0,0.0,0.0,0.0,0.0,0.15625,,0
539,SYNID0103031423,0.0005550561457248759,individual,CA,ON,KITCHENER,MALE,Married,63200,Cooks,101678.0,,11918.0,unknown,unknown,0.0,0.0,0.0,,0.0,0.0,1,5837.42,0.0,0.0,1687.2600000000002,3.0,0.2265625,,0
540,SYNID0101555287,0.0005545341216124965,individual,CA,BC,SURREY,MALE,Married,44101,"Home support workers, caregivers and related occupations",29973.0,38.8062970568104,4542.0,unknown,unknown,0.0,0.0,0.0,,0.0,0.0,1,787.0500000000001,0.0,0.0,0.0,0.0,0.0,,0
541,SYNID0106129658,0.00055226255241615,individual,CA,ON,BOWMANVILLE,MALE,Married,OTHER,unknown,17269.0,70.26146475017111,12326.0,unknown,unknown,0.0,0.0,0.0,,0.0,0.0,1,0.0,0.0,0.0,0.0,0.0,0.4,30%+ foreign card transactions,0
542,SYNID0107596396,0.0005507433381242796,individual,CA,ON,TORONTO,FEMALE,Married,SELF_EMPLOYED,unknown,116698.0,59.10198494182067,12516.0,unknown,unknown,0.0,0.0,0.0,,0.0,0.0,1,7613.5,0.0,0.0,7973.05,5.0,0.12844036697247707,high EFT outflows (top 10%),0
543,SYNID0105078391,0.0005507293658396855,individual,CA,unknown,other,MALE,Married,OTHER,unknown,0.0,45.073237508555785,3834.0,unknown,unknown,0.0,0.0,0.0,,0.0,0.0,1,0.0,0.0,0.0,0.0,0.0,0.13675213675213677,,0
544,SYNID0104351402,0.0005490209275142024,individual,CA,unknown,other,FEMALE,Married,10019,Other administrative services managers,73132.0,53.158110882956876,10532.0,unknown,unknown,0.0,0.0,0.0,,0.0,0.0,1,6020.61,0.0,0.0,1405.33,2.0,0.09523809523809523,,0
545,SYNID0106635947,0.000547523827174959,individual,CA,ON,OTTAWA,MALE,Single,SELF_EMPLOYED,unknown,90229.0,36.62696783025325,8176.0,unknown,unknown,0.0,0.0,0.0,,0.0,0.0,1,0.0,0.0,0.0,470.1,0.0,0.0,,0
546,SYNID0105644266,0.0005473456744441153,individual,CA,ON,BRAMPTON,FEMALE,Married,UNEMPLOYED,unknown,9.0,75.85215605749487,11140.0,unknown,unknown,0.0,0.0,0.0,,0.0,0.0,1,0.0,0.0,0.0,0.0,0.0,0.2,unemployed,0
547,SYNID0100624214,0.0005472420602999549,individual,CA,unknown,other,MALE,Single,72410,"Automotive service technicians, truck and bus mechanics and mechanical repairers",0.0,28.859685147159478,1881.0,unknown,unknown,0.0,0.0,0.0,,0.0,0.0,1,8603.63,0.0,0.0,1977.0500000000002,0.0,0.0,,0
548,SYNID0109841178,0.0005411345879162854,individual,CA,unknown,other,MALE,Single,73300,Transport truck drivers,113632.0,49.96851471594798,12138.0,unknown,unknown,0.0,0.0,0.0,,0.0,0.0,1,15318.67,0.0,0.0,3302.0499999999997,2.0,0.0,high EMT volume (top 10%),0
549,SYNID0102346407,0.0005323706295206618,individual,CA,ON,BARRIE,MALE,unknown,RETIRED,unknown,40324.0,67.20054757015743,11995.0,unknown,unknown,0.0,0.0,0.0,,0.0,0.0,1,5809.31,0.0,0.0,854.49,0.0,0.20588235294117646,,0
550,SYNID0101809095,0.0005320901691087543,individual,CA,unknown,other,FEMALE,Single,SELF_EMPLOYED,unknown,59079.0,50.64476386036961,3160.0,unknown,unknown,0.0,0.0,0.0,,0.0,0.0,1,11199.560000000001,0.0,0.0,2467.3199999999997,0.0,0.12,high EMT volume (top 10%),0
551,SYNID0108881995,0.0005236605214134256,individual,CA,unknown,other,FEMALE,Divorced,942,Assemblers and inspectors in manufacturing,0.0,45.10335386721424,3446.0,unknown,unknown,0.0,0.0,0.0,,0.0,0.0,1,3302.71,0.0,0.0,918.5500000000001,1.0,0.14285714285714285,,0
552,SYNID0106303111,0.0005228177647825325,individual,CA,unknown,other,unknown,Single,6004,Managers in customer and personal services,97519.0,,9185.0,unknown,unknown,0.0,0.0,0.0,,0.0,0.0,1,11.69,0.0,0.0,6929.41,2.0,0.17293233082706766,high EFT outflows (top 10%),0
553,SYNID0109183244,0.0005198227532649893,individual,CA,AB,CALGARY,FEMALE,Married,21222,Information systems specialists,105612.0,52.36139630390144,9796.0,unknown,unknown,0.0,0.0,0.0,,0.0,0.0,1,1004.6899999999999,0.0,0.0,2932.42,1.0,0.0,,0
554,SYNID0100436578,0.0005194580367296203,individual,CA,MB,BRANDON,FEMALE,Married,RETIRED,unknown,13213.0,87.05270362765229,10621.0,unknown,unknown,0.0,0.0,0.0,,0.0,0.0,1,1503.44,0.0,0.0,286.0,0.0,0.38095238095238093,30%+ foreign card transactions,0
555,SYNID0102976065,0.0005183930757238511,individual,CA,ON,TORONTO,MALE,Married,RETIRED,unknown,11.0,74.09993155373031,8803.0,unknown,unknown,0.0,0.0,0.0,,0.0,0.0,1,0.0,0.0,0.0,1163.54,0.0,0.3333333333333333,30%+ foreign card transactions,0
556,SYNID0106244380,0.0005097782627907395,individual,CA,ON,WOODBRIDGE,FEMALE,Married,RETIRED,unknown,28331.0,74.5160848733744,5917.0,unknown,unknown,0.0,0.0,0.0,,0.0,0.0,1,0.0,0.0,0.0,0.0,0.0,0.13513513513513514,,0
557,SYNID0104274943,0.0005052941726103082,individual,CA,unknown,other,unknown,Married,6,Sales and service occupations,49487.0,59.34565366187543,8374.0,unknown,unknown,0.0,0.0,0.0,,0.0,0.0,1,0.0,0.0,0.0,0.0,0.0,0.16,,0
558,SYNID0103262808,0.0005001565120894899,individual,CA,AB,CALGARY,FEMALE,Married,SELF_EMPLOYED,unknown,70550.0,52.714579055441476,3160.0,unknown,unknown,0.0,0.0,0.0,,0.0,0.0,1,6678.429999999999,0.0,0.0,123.95,4.0,0.0,,0
559,SYNID0100452693,0.0004965495172298738,individual,CA,unknown,other,MALE,Married,RETIRED,unknown,51345.0,68.0684462696783,15245.0,unknown,unknown,0.0,0.0,0.0,,0.0,0.0,1,10788.64,0.0,0.0,3548.5699999999997,0.0,0.2147887323943662,high EMT volume (top 10%),0
560,SYNID0103115801,0.0004952209239314409,individual,CA,ON,BRAMPTON,MALE,Single,64409,Other customer and information services representatives,0.0,45.99041752224504,10646.0,unknown,unknown,0.0,0.0,0.0,,0.0,0.0,1,1758.19,0.0,0.0,3339.19,10.0,0.08333333333333333,high cheque activity (top 10%),0
561,SYNID0102095191,0.0004936911738394034,individual,CA,BC,SURREY,MALE,unknown,7201,"Contractors and supervisors, technical industrial, electrical and construction trades and related workers",54042.0,55.58110882956879,6571.0,unknown,unknown,0.0,0.0,0.0,,0.0,0.0,1,6509.009999999999,0.0,0.0,2761.39,3.0,0.23529411764705882,,0
562,SYNID0103550866,0.0004900791421384557,individual,CA,ON,HAMILTON,FEMALE,Married,UNEMPLOYED,unknown,0.0,,3046.0,unknown,unknown,0.0,0.0,0.0,,0.0,0.0,1,31.04,0.0,0.0,485.53000000000003,0.0,0.0,unemployed,0
563,SYNID0107587379,0.0004861050972296571,individual,CA,ON,CHATHAM,MALE,Unknown,OTHER,unknown,73021.0,44.07392197125257,1955.0,unknown,unknown,0.0,0.0,0.0,,0.0,0.0,1,173.63,0.0,0.0,679.68,5.0,0.14666666666666667,,0
564,SYNID0107509503,0.0004806076045920611,individual,CA,unknown,other,FEMALE,Single,STUDENT,unknown,42368.0,24.692676249144423,4502.0,unknown,unknown,0.0,0.0,0.0,,0.0,0.0,1,0.0,0.0,0.0,109.61,0.0,0.0,student,0
565,SYNID0200945958,0.0004761409145039021,smallbusiness,CA,ON,LONDON,unknown,unknown,unknown,unknown,0.0,,7791.0,9799,Other Personal and Household Services n.e.c.,1.0,72059.0,8670.0,879.0,72059.0,0.0,0,0.0,0.0,0.0,35.72,1.0,0.3333333333333333,30%+ foreign card transactions,0
566,SYNID0108048502,0.0004715048958568079,individual,CA,BC,KELOWNA,MALE,Married,OTHER,unknown,49113.0,39.61396303901437,2994.0,unknown,unknown,0.0,0.0,0.0,,0.0,0.0,1,112.1,0.0,0.0,8192.06,2.0,0.0,high EFT outflows (top 10%),0
567,SYNID0109173381,0.0004706375769579895,individual,CA,unknown,other,MALE,Single,OTHER,unknown,0.0,61.18275154004107,3751.0,unknown,unknown,0.0,0.0,0.0,,0.0,0.0,1,0.0,0.0,0.0,510.02,0.0,0.11666666666666667,,0
568,SYNID0103262651,0.00046809526797224674,individual,CA,ON,AURORA,FEMALE,Married,RETIRED,unknown,14.0,61.555099247091036,780.0,unknown,unknown,0.0,0.0,0.0,,0.0,0.0,1,1984.8600000000001,0.0,0.0,173.12,0.0,0.0,,0
569,SYNID0109929699,0.00046451496139390103,individual,CA,MB,WINNIPEG,FEMALE,Widowed,RETIRED,unknown,54855.0,73.160848733744,12542.0,unknown,unknown,0.0,0.0,0.0,,0.0,0.0,1,818.12,0.0,0.0,582.3000000000001,1.0,0.17391304347826086,,0
570,SYNID0100481268,0.00046385009213874886,individual,CA,ON,LONDON,MALE,Married,OTHER,unknown,20318.0,59.827515400410675,10606.0,unknown,unknown,0.0,0.0,0.0,,0.0,0.0,1,0.0,0.0,0.0,0.0,0.0,0.21428571428571427,,0
571,SYNID0100036671,0.000462627804960161,individual,CA,AB,EDMONTON,unknown,unknown,RETIRED,unknown,35032.0,72.70910335386722,9411.0,unknown,unknown,0.0,0.0,0.0,,0.0,0.0,1,0.0,0.0,0.0,0.0,1.0,0.0,,0
572,SYNID0101009208,0.0004617048835885195,individual,CA,AB,AIRDRIE,FEMALE,Married,OTHER,unknown,55864.0,54.338124572210816,10615.0,unknown,unknown,0.0,0.0,0.0,,0.0,0.0,1,2935.81,0.0,0.0,5398.58,1.0,0.3333333333333333,high EFT outflows (top 10%); 30%+ foreign card transactions,0
573,SYNID0100768553,0.0004546994516775567,individual,CA,AB,SPRUCE GROVE,MALE,Unknown,OTHER,unknown,0.0,62.458590006844624,12357.0,unknown,unknown,0.0,0.0,0.0,,0.0,0.0,1,0.0,0.0,0.0,0.0,0.0,0.1282051282051282,,0
574,SYNID0105518985,0.00045462279572667467,individual,CA,ON,RICHMOND HILL,MALE,Divorced,OTHER,unknown,45096.0,56.77754962354552,7499.0,unknown,unknown,0.0,0.0,0.0,,0.0,0.0,1,0.0,0.0,0.0,521.52,0.0,0.0,,0
575,SYNID0103545198,0.0004463106528154444,individual,CA,ON,TORONTO,MALE,unknown,OTHER,unknown,74558.0,55.58110882956879,8240.0,unknown,unknown,0.0,0.0,0.0,,0.0,0.0,1,10.64,0.0,0.0,4773.23,12.0,0.2,high cheque activity (top 10%),0
576,SYNID0106165905,0.0004459278851693874,individual,CA,unknown,other,MALE,Married,SELF_EMPLOYED,unknown,78890.0,64.76659822039699,7069.0,unknown,unknown,0.0,0.0,0.0,,0.0,0.0,1,15186.029999999999,0.0,0.0,106.65,1.0,0.18333333333333332,high EMT volume (top 10%),0
577,SYNID0108041457,0.000445900021972162,individual,CA,PE,CHARLOTTETOWN,FEMALE,Married,42100,Police officers (except commissioned),60079.0,65.25941136208077,8994.0,unknown,unknown,0.0,0.0,0.0,,0.0,0.0,1,1473.98,0.0,0.0,460.66999999999996,0.0,0.0,,0
578,SYNID0106552959,0.000441255303725843,individual,CA,ON,KANATA,MALE,Married,SELF_EMPLOYED,unknown,38141.0,51.08555783709788,,unknown,unknown,0.0,0.0,0.0,,0.0,0.0,1,5082.08,0.0,0.0,696.27,0.0,0.0,,0
579,SYNID0200606438,0.00044083493789447717,smallbusiness,CA,QC,MONTREAL,unknown,unknown,unknown,unknown,0.0,,6765.0,4229,Other Structural and Related Work,6.0,391067.0,7025.0,260.0,65177.833333333336,0.0,0,839.38,1.0,10857.2,400.86,28.0,0.0,has wire transfers; high cheque activity (top 10%),0
580,SYNID0106917375,0.0004360903076187548,individual,CA,ON,OAKVILLE,MALE,Married,RETIRED,unknown,117793.0,63.88774811772758,10355.0,unknown,unknown,0.0,0.0,0.0,,0.0,0.0,1,2598.7,0.0,0.0,393.33,1.0,0.24242424242424243,,0
581,SYNID0107185782,0.0004299004446577469,individual,CA,SK,SASKATOON,MALE,Single,11201,Professional occupations in business management consulting,60691.0,44.21629021218344,9901.0,unknown,unknown,0.0,0.0,0.0,,0.0,0.0,1,1825.54,0.0,0.0,1595.9899999999998,15.0,0.13333333333333333,high cheque activity (top 10%),0
582,SYNID0108437250,0.000429586307917295,individual,CA,ON,COBOURG,FEMALE,Married,OTHER,unknown,88736.0,50.247775496235455,9279.0,unknown,unknown,0.0,0.0,0.0,,0.0,0.0,1,207.4,0.0,0.0,3234.41,6.0,0.2857142857142857,,0
583,SYNID0105207658,0.00042495342381362167,individual,CA,ON,GUELPH,MALE,Married,32124,Pharmacy technicians,110509.0,52.80219028062971,4715.0,unknown,unknown,0.0,0.0,0.0,,0.0,0.0,1,0.0,0.0,0.0,0.0,0.0,0.0,,0
584,SYNID0100658542,0.00042284055481581857,individual,CA,ON,OTTAWA,FEMALE,Married,42101,Firefighters,0.0,40.70636550308008,2936.0,unknown,unknown,0.0,0.0,0.0,,0.0,0.0,1,741.96,0.0,0.0,9121.25,1.0,0.0,high EFT outflows (top 10%),0
585,SYNID0101530247,0.0004226200502008953,individual,CA,unknown,other,FEMALE,Unknown,STUDENT,unknown,0.0,,2325.0,unknown,unknown,0.0,0.0,0.0,,0.0,0.0,1,26.85,0.0,0.0,0.0,0.0,0.0,student,0
586,SYNID0109130542,0.0004101463354485489,individual,CA,unknown,other,MALE,Married,RETIRED,unknown,41264.0,74.65023956194388,,unknown,unknown,0.0,0.0,0.0,,0.0,0.0,1,9653.849999999999,0.0,0.0,717.55,3.0,0.5,high EMT volume (top 10%); 30%+ foreign card transactions,0
587,SYNID0107103205,0.00040956820296215145,individual,CA,unknown,other,MALE,Married,10019,Other administrative services managers,0.0,,3696.0,unknown,unknown,0.0,0.0,0.0,,0.0,0.0,1,2754.8199999999997,0.0,0.0,2040.5200000000002,0.0,0.09090909090909091,,0
588,SYNID0103366063,0.00040661022155953354,individual,CA,unknown,other,MALE,Married,6510,Cashiers and other sales support occupations,70105.0,42.795345653661876,2177.0,unknown,unknown,0.0,0.0,0.0,,0.0,0.0,1,4388.09,0.0,0.0,1470.54,0.0,0.0,,0
589,SYNID0103359914,0.0004013169165893811,individual,CA,ON,TORONTO,FEMALE,Single,OTHER,unknown,0.0,71.1211498973306,7546.0,unknown,unknown,0.0,0.0,0.0,,0.0,0.0,1,1394.8200000000002,0.0,0.0,5102.990000000001,0.0,0.0,,0
590,SYNID0100403533,0.00039941688850410025,individual,CA,unknown,other,FEMALE,Single,313,Nursing and allied health professionals,0.0,34.691307323750856,7443.0,unknown,unknown,0.0,0.0,0.0,,0.0,0.0,1,621.89,0.0,0.0,531.02,2.0,0.22321428571428573,,0
591,SYNID0109700446,0.0003962766399760637,individual,CA,ON,ST CATHARINES,FEMALE,Married,62200,Chefs,63576.0,59.50444900752909,7617.0,unknown,unknown,0.0,0.0,0.0,,0.0,0.0,1,1479.7,0.0,0.0,2971.82,19.0,0.2,high cheque activity (top 10%),0
592,SYNID0109212463,0.00039180091807924987,individual,CA,MB,WINNIPEG,FEMALE,Married,OTHER,unknown,73700.0,38.90759753593429,3875.0,unknown,unknown,0.0,0.0,0.0,,0.0,0.0,1,17460.82,0.0,0.0,0.0,4.0,0.0,high EMT volume (top 10%),0
593,SYNID0109328399,0.00038983392292043725,individual,CA,unknown,other,MALE,Divorced,SELF_EMPLOYED,unknown,46274.0,49.869952087611225,6855.0,unknown,unknown,0.0,0.0,0.0,,0.0,0.0,1,2511.91,0.0,0.0,1621.2,3.0,0.1751412429378531,,0
594,SYNID0101826987,0.00038934766929377205,individual,CA,unknown,other,MALE,Unknown,STUDENT,unknown,10.0,14.674880219028063,5220.0,unknown,unknown,0.0,0.0,0.0,,0.0,0.0,1,0.0,0.0,0.0,0.0,4.0,0.0,student,0
595,SYNID0105416607,0.0003881428989576534,individual,CA,SK,SASKATOON,MALE,Married,31209,Other professional occupations in health diagnosing and treating,89659.0,52.04106776180698,8293.0,unknown,unknown,0.0,0.0,0.0,,0.0,0.0,1,724.33,0.0,0.0,488.36,1.0,0.16666666666666666,,0
596,SYNID0109106739,0.00038690236225093335,individual,CA,ON,SCARBOROUGH,MALE,Unknown,63200,Cooks,80948.0,56.09582477754962,2979.0,unknown,unknown,0.0,0.0,0.0,,0.0,0.0,1,2863.61,0.0,0.0,2279.77,1.0,0.0,,0
597,SYNID0108321024,0.00038507446078591177,individual,CA,BC,SURREY,FEMALE,Married,SELF_EMPLOYED,unknown,104875.0,51.87405886379192,8593.0,unknown,unknown,0.0,0.0,0.0,,0.0,0.0,1,0.0,0.0,0.0,0.0,0.0,0.14285714285714285,,0
598,SYNID0101898987,0.0003850510789962977,individual,CA,ON,SARNIA,FEMALE,unknown,65201,"Food counter attendants, kitchen helpers and related support occupations",33238.0,62.08350444900753,6304.0,unknown,unknown,0.0,0.0,0.0,,0.0,0.0,1,243.52,0.0,0.0,809.77,3.0,0.0,,0
599,SYNID0107082171,0.0003843012111147664,individual,CA,ON,CAMBRIDGE,MALE,Single,SELF_EMPLOYED,unknown,0.0,52.98562628336756,3710.0,unknown,unknown,0.0,0.0,0.0,,0.0,0.0,1,0.0,0.0,0.0,0.0,13.0,0.0,high cheque activity (top 10%),0
600,SYNID0107007068,0.00038404616644350495,individual,CA,ON,TORONTO,MALE,unknown,RETIRED,unknown,0.0,,,unknown,unknown,0.0,0.0,0.0,,0.0,0.0,1,0.0,0.0,0.0,5864.74,3.0,0.0,high EFT outflows (top 10%),0
601,SYNID0108974294,0.000380162251411074,individual,CA,unknown,other,MALE,Single,RETIRED,unknown,84279.0,72.01095140314852,12273.0,unknown,unknown,0.0,0.0,0.0,,0.0,0.0,1,20877.92,0.0,0.0,922.08,3.0,0.14634146341463414,high EMT volume (top 10%),0
602,SYNID0109375742,0.0003781646098939281,individual,CA,unknown,other,MALE,Married,95109,"Other labourers in processing, manufacturing and utilities",0.0,57.223819301848046,2203.0,unknown,unknown,0.0,0.0,0.0,,0.0,0.0,1,5254.2,0.0,0.0,1319.5499999999997,3.0,0.11188811188811189,,0
603,SYNID0100686442,0.00037767251438583087,individual,CA,unknown,other,MALE,Single,OTHER,unknown,41930.0,68.12046543463381,8235.0,unknown,unknown,0.0,0.0,0.0,,0.0,0.0,1,0.0,0.0,0.0,1101.5,0.0,0.3191489361702128,30%+ foreign card transactions,0
604,SYNID0104347283,0.00037751012714938754,individual,CA,QC,MONTREAL,MALE,Married,SELF_EMPLOYED,unknown,132798.0,47.148528405201915,3748.0,unknown,unknown,0.0,0.0,0.0,,0.0,0.0,1,13509.029999999999,0.0,0.0,2368.2,0.0,0.14285714285714285,high EMT volume (top 10%),0
605,SYNID0102655494,0.00037662195353175637,individual,CA,ON,KITCHENER,FEMALE,Married,RETIRED,unknown,51809.0,67.26078028747433,11936.0,unknown,unknown,0.0,0.0,0.0,,0.0,0.0,1,2297.13,0.0,0.0,1369.3500000000001,0.0,0.15,,0
606,SYNID0108325078,0.0003759841430214628,individual,CA,unknown,other,MALE,Married,3211,Technical occupations in dental health care,0.0,58.729637234770706,3424.0,unknown,unknown,0.0,0.0,0.0,,0.0,0.0,1,1041.01,0.0,0.0,1621.74,0.0,0.21428571428571427,,0
607,SYNID0109291379,0.0003753148956537269,individual,CA,unknown,other,MALE,Married,10010,Financial managers,101999.0,69.1854893908282,10605.0,unknown,unknown,0.0,0.0,0.0,,0.0,0.0,1,496.15999999999997,0.0,0.0,4689.67,6.0,0.2,,0
608,SYNID0100075150,0.0003675065930862295,individual,CA,ON,BRAMPTON,MALE,Married,20012,Computer and information systems managers,97040.0,42.59822039698837,,unknown,unknown,0.0,0.0,0.0,,0.0,0.0,1,6742.71,0.0,0.0,160.44,12.0,0.09090909090909091,high cheque activity (top 10%),0
609,SYNID0106538257,0.0003564240594134882,individual,CA,AB,SPRUCE GROVE,unknown,Single,RETIRED,unknown,47378.0,81.29774127310061,8981.0,unknown,unknown,0.0,0.0,0.0,,0.0,0.0,1,0.0,0.0,0.0,5281.1900000000005,4.0,0.0,high EFT outflows (top 10%),0
610,SYNID0102936309,0.0003549620544702916,individual,CA,ON,SCARBOROUGH,MALE,Unknown,10019,Other administrative services managers,27751.0,68.45722108145107,,unknown,unknown,0.0,0.0,0.0,,0.0,0.0,1,1339.4899999999998,0.0,0.0,1391.55,0.0,0.0,,0
611,SYNID0100912833,0.00035188381169388744,individual,CA,ON,KANATA,FEMALE,Single,OTHER,unknown,0.0,43.7700205338809,10029.0,unknown,unknown,0.0,0.0,0.0,,0.0,0.0,1,1080.53,0.0,0.0,358.13,3.0,0.0,,0
612,SYNID0109503355,0.0003491205458188105,individual,CA,unknown,other,MALE,Single,OTHER,unknown,48224.0,63.006160164271044,13804.0,unknown,unknown,0.0,0.0,0.0,,0.0,0.0,1,0.0,0.0,0.0,4072.96,1.0,1.0,30%+ foreign card transactions,0
613,SYNID0100244693,0.0003490828277341994,individual,CA,unknown,other,unknown,Married,64409,Other customer and information services representatives,48339.0,,3715.0,unknown,unknown,0.0,0.0,0.0,,0.0,0.0,1,0.0,0.0,0.0,0.0,0.0,0.0,,0
614,SYNID0101922420,0.0003452804823380697,individual,CA,BC,VICTORIA,unknown,Married,OTHER,unknown,95018.0,69.22655715263518,4058.0,unknown,unknown,0.0,0.0,0.0,,0.0,0.0,1,0.0,0.0,0.0,0.0,0.0,0.0,,0
615,SYNID0106862202,0.0003437410947812318,individual,CA,BC,VANCOUVER,MALE,Unknown,SELF_EMPLOYED,unknown,0.0,36.67898699520876,822.0,unknown,unknown,0.0,0.0,0.0,,0.0,0.0,1,4297.91,0.0,0.0,206.23,2.0,0.0,,0
616,SYNID0100785770,0.00034321611109109805,individual,CA,ON,MISSISSAUGA,FEMALE,Single,64409,Other customer and information services representatives,50405.0,43.885010266940455,7204.0,unknown,unknown,0.0,0.0,0.0,,0.0,0.0,1,1053.67,0.0,0.0,1601.87,10.0,0.0,high cheque activity (top 10%),0
617,SYNID0109823163,0.00034287805892795834,individual,CA,unknown,other,MALE,Unknown,SELF_EMPLOYED,unknown,0.0,61.40451745379877,5110.0,unknown,unknown,0.0,0.0,0.0,,0.0,0.0,1,0.0,0.0,0.0,0.0,0.0,0.14285714285714285,,0
618,SYNID0100765762,0.0003411277175370397,individual,CA,ON,STONEY CREEK,MALE,Married,UNEMPLOYED,unknown,0.0,,6915.0,unknown,unknown,0.0,0.0,0.0,,0.0,0.0,1,0.0,0.0,0.0,1618.48,0.0,0.0,unemployed,0
619,SYNID0103139816,0.00034086005111338746,individual,CA,ON,BOWMANVILLE,MALE,Married,SELF_EMPLOYED,unknown,81942.0,,6221.0,unknown,unknown,0.0,0.0,0.0,,0.0,0.0,1,2913.73,0.0,0.0,648.0799999999999,1.0,0.14285714285714285,,0
620,SYNID0100690458,0.0003358801003276277,individual,CA,ON,WHITBY,MALE,Single,14100,General office support workers,51298.0,62.223134839151264,9298.0,unknown,unknown,0.0,0.0,0.0,,0.0,0.0,1,0.0,0.0,0.0,2505.48,1.0,0.16363636363636364,,0
621,SYNID0109357499,0.0003308055886040871,individual,CA,QC,QUEBEC,MALE,Married,SELF_EMPLOYED,unknown,61796.0,44.596851471594796,7539.0,unknown,unknown,0.0,0.0,0.0,,0.0,0.0,1,8229.17,0.0,0.0,1381.01,2.0,0.0,,0
622,SYNID0102729790,0.00032804659347857734,individual,CA,unknown,other,MALE,Unknown,OTHER,unknown,0.0,,12775.0,unknown,unknown,0.0,0.0,0.0,,0.0,0.0,1,5191.29,0.0,0.0,6481.210000000001,0.0,0.18181818181818182,high EFT outflows (top 10%),0
623,SYNID0100165492,0.0003251229820698029,individual,CA,AB,CALGARY,MALE,Married,OTHER,unknown,118236.0,42.72689938398357,4087.0,unknown,unknown,0.0,0.0,0.0,,0.0,0.0,1,1488.3300000000002,0.0,0.0,1286.58,1.0,0.12962962962962962,,0
624,SYNID0103924108,0.0003236717694766789,individual,CA,ON,BARRIE,MALE,Married,OTHER,unknown,36332.0,77.3305954825462,7338.0,unknown,unknown,0.0,0.0,0.0,,0.0,0.0,1,0.0,0.0,0.0,2319.14,0.0,0.07692307692307693,,0
625,SYNID0105058742,0.00032120390835078824,individual,CA,ON,ST CATHARINES,MALE,Married,RETIRED,unknown,54198.0,67.09103353867214,10930.0,unknown,unknown,0.0,0.0,0.0,,0.0,0.0,1,1951.53,0.0,0.0,971.39,9.0,0.1794871794871795,high cheque activity (top 10%),0
626,SYNID0102414209,0.0003211155873586894,individual,CA,BC,ABBOTSFORD,MALE,Married,OTHER,unknown,21339.0,78.1327857631759,9452.0,unknown,unknown,0.0,0.0,0.0,,0.0,0.0,1,9530.490000000002,0.0,0.0,0.0,0.0,0.0,high EMT volume (top 10%),0
627,SYNID0108589950,0.0003204922220853969,individual,CA,AB,CALGARY,MALE,Married,SELF_EMPLOYED,unknown,77191.0,63.110198494182065,7698.0,unknown,unknown,0.0,0.0,0.0,,0.0,0.0,1,6662.09,0.0,0.0,1326.92,3.0,0.22641509433962265,,0
628,SYNID0104475565,0.0003187096420815065,individual,CA,BC,MAPLE RIDGE,FEMALE,Married,10010,Financial managers,37091.0,54.8911704312115,4753.0,unknown,unknown,0.0,0.0,0.0,,0.0,0.0,1,0.0,0.0,0.0,2948.89,0.0,0.0,,0
629,SYNID0200598200,0.0003180955441132719,smallbusiness,CA,unknown,other,unknown,unknown,unknown,unknown,0.0,,5731.0,8599,Other Educational Services,1.0,330934.0,5875.0,144.0,330934.0,0.0,0,0.0,0.0,0.0,0.0,1.0,0.5555555555555556,30%+ foreign card transactions,0
630,SYNID0109220856,0.00031784524075839253,individual,CA,ON,KITCHENER,MALE,Single,OTHER,unknown,0.0,32.93360711841205,8466.0,unknown,unknown,0.0,0.0,0.0,,0.0,0.0,1,16.68,0.0,0.0,1697.3700000000001,2.0,0.0,,0
631,SYNID0200143186,0.00031534535022899204,smallbusiness,CA,unknown,other,unknown,unknown,unknown,unknown,0.0,,5356.0,4229,Other Structural and Related Work,1.0,167004.0,5440.0,84.0,167004.0,0.0,0,0.0,0.0,0.0,0.0,0.0,0.0,,0
632,SYNID0200219097,0.00031449960069772055,smallbusiness,CA,unknown,other,unknown,unknown,unknown,unknown,0.0,,,8599,Other Educational Services,1.0,183310.0,8991.0,,183310.0,0.0,0,0.0,0.0,0.0,0.0,0.0,0.0,,0
633,SYNID0101472402,0.0003135250875938061,individual,CA,unknown,other,MALE,Married,RETIRED,unknown,9.0,73.03764544832306,4185.0,unknown,unknown,0.0,0.0,0.0,,0.0,0.0,1,0.0,0.0,0.0,6203.85,1.0,0.5,high EFT outflows (top 10%); 30%+ foreign card transactions,0
634,SYNID0103216084,0.00031300457544244475,individual,CA,unknown,other,FEMALE,Single,SELF_EMPLOYED,unknown,91917.0,40.94455852156057,6243.0,unknown,unknown,0.0,0.0,0.0,,0.0,0.0,1,9632.39,0.0,0.0,1558.44,2.0,0.0,high EMT volume (top 10%),0
635,SYNID0104899605,0.000305705542708974,individual,CA,unknown,other,FEMALE,Unknown,SELF_EMPLOYED,unknown,50672.0,52.837782340862425,2450.0,unknown,unknown,0.0,0.0,0.0,,0.0,0.0,1,2648.08,0.0,0.0,689.37,6.0,0.19298245614035087,,0
636,SYNID0107766109,0.000304851599778477,individual,CA,unknown,other,MALE,Married,OTHER,unknown,126615.0,45.23477070499658,2156.0,unknown,unknown,0.0,0.0,0.0,,0.0,0.0,1,0.0,0.0,0.0,0.0,0.0,0.2,,0
637,SYNID0101896510,0.0003045484236048101,individual,CA,ON,LONDON,FEMALE,Married,RETIRED,unknown,0.0,,,unknown,unknown,0.0,0.0,0.0,,0.0,0.0,1,0.0,0.0,0.0,1259.84,0.0,0.0,,0
638,SYNID0108551570,0.00030397997548079327,individual,CA,MB,WINNIPEG,FEMALE,Married,OTHER,unknown,71573.0,58.48870636550308,11120.0,unknown,unknown,0.0,0.0,0.0,,0.0,0.0,1,6028.7699999999995,0.0,0.0,984.83,3.0,0.2,,0
639,SYNID0100665486,0.0003032917188996993,individual,CA,unknown,other,FEMALE,Single,RETIRED,unknown,43603.0,64.16700889801506,12499.0,unknown,unknown,0.0,0.0,0.0,,0.0,0.0,1,11435.7,0.0,0.0,3649.3099999999995,0.0,0.09090909090909091,high EMT volume (top 10%),0
640,SYNID0100969296,0.00030253137297393275,individual,CA,ON,THORNHILL,MALE,Single,OTHER,unknown,29116.0,62.954140999315534,12304.0,unknown,unknown,0.0,0.0,0.0,,0.0,0.0,1,0.0,0.0,0.0,0.0,0.0,0.0,,0
641,SYNID0108713326,0.00030238085870464124,individual,CA,ON,LONDON,MALE,Married,OTHER,unknown,0.0,62.68583162217659,9119.0,unknown,unknown,0.0,0.0,0.0,,0.0,0.0,1,0.0,0.0,0.0,8250.38,5.0,0.16666666666666666,high EFT outflows (top 10%),0
642,SYNID0108122730,0.00030169055451828136,individual,CA,ON,MISSISSAUGA,MALE,Divorced,RETIRED,unknown,12816.0,78.19028062970568,,unknown,unknown,0.0,0.0,0.0,,0.0,0.0,1,0.0,0.0,0.0,420.66999999999996,0.0,0.0,,0
643,SYNID0103964619,0.0002989346777746793,individual,CA,unknown,other,FEMALE,Single,72310,Carpenters,0.0,20.487337440109513,,unknown,unknown,0.0,0.0,0.0,,0.0,0.0,1,2779.69,0.0,0.0,121.05,6.0,0.0,,0
644,SYNID0106548077,0.00028965594073273405,individual,CA,unknown,other,MALE,Married,73300,Transport truck drivers,0.0,41.39356605065024,,unknown,unknown,0.0,0.0,0.0,,0.0,0.0,1,2163.41,0.0,0.0,860.59,1.0,0.12,,0
645,SYNID0102215781,0.00028763102691386144,individual,CA,unknown,other,MALE,Married,11201,Professional occupations in business management consulting,111831.0,44.67624914442163,503.0,unknown,unknown,0.0,0.0,0.0,,0.0,0.0,1,0.0,0.0,0.0,4140.3,4.0,0.16666666666666666,,0
646,SYNID0104215354,0.00028528696067060534,individual,CA,BC,SURREY,MALE,Married,OTHER,unknown,0.0,49.17180013689254,3301.0,unknown,unknown,0.0,0.0,0.0,,0.0,0.0,1,176.78,0.0,0.0,123.19,0.0,0.0,,0
647,SYNID0109007572,0.00028384310052452863,individual,CA,BC,VICTORIA,MALE,Married,OTHER,unknown,81658.0,58.72689938398357,8903.0,unknown,unknown,0.0,0.0,0.0,,0.0,0.0,1,15951.0,0.0,0.0,0.0,0.0,0.0,high EMT volume (top 10%),0
648,SYNID0102468863,0.00028284248332010985,individual,CA,AB,EDMONTON,MALE,Married,41221,Elementary school and kindergarten teachers,104370.0,71.58932238193019,,unknown,unknown,0.0,0.0,0.0,,0.0,0.0,1,0.0,0.0,0.0,1593.44,0.0,0.0,,0
649,SYNID0108937282,0.0002810538628876111,individual,CA,ON,BRAMPTON,MALE,unknown,22221,User support technicians,130014.0,53.1854893908282,10352.0,unknown,unknown,0.0,0.0,0.0,,0.0,0.0,1,4345.29,0.0,0.0,2028.8000000000002,3.0,0.0,,0
650,SYNID0103988586,0.0002801274484535646,individual,CA,ON,THOROLD,MALE,Single,RETIRED,unknown,37776.0,61.01574264202601,6915.0,unknown,unknown,0.0,0.0,0.0,,0.0,0.0,1,0.0,0.0,0.0,0.0,3.0,0.0,,0
651,SYNID0102374579,0.00028009537669210086,individual,CA,ON,SCARBOROUGH,unknown,Unknown,RETIRED,unknown,0.0,90.81724845995893,2713.0,unknown,unknown,0.0,0.0,0.0,,0.0,0.0,1,0.0,0.0,0.0,8197.04,0.0,0.0,high EFT outflows (top 10%),0
652,SYNID0103274975,0.000278514079180119,individual,CA,ON,STOUFFVILLE,FEMALE,Married,RETIRED,unknown,75850.0,60.407939767282684,10918.0,unknown,unknown,0.0,0.0,0.0,,0.0,0.0,1,2148.69,0.0,0.0,1496.6299999999999,12.0,0.2,high cheque activity (top 10%),0
653,SYNID0106490184,0.0002774667604552611,individual,CA,BC,SURREY,MALE,Married,RETIRED,unknown,91881.0,72.61875427789185,4425.0,unknown,unknown,0.0,0.0,0.0,,0.0,0.0,1,756.8299999999999,0.0,0.0,1341.53,16.0,0.0,high cheque activity (top 10%),0
654,SYNID0106641837,0.0002743719482022806,individual,CA,ON,MILTON,MALE,unknown,70010,Construction managers,65612.0,56.342231348391515,9019.0,unknown,unknown,0.0,0.0,0.0,,0.0,0.0,1,0.0,0.0,0.0,5143.72,3.0,0.0,high EFT outflows (top 10%),0
655,SYNID0103300216,0.0002736158909118196,individual,CA,unknown,other,MALE,Married,12010,"Supervisors, general office and administrative support workers",76337.0,52.84325804243669,2162.0,unknown,unknown,0.0,0.0,0.0,,0.0,0.0,1,2158.1800000000003,0.0,0.0,0.0,0.0,0.0,,0
656,SYNID0104715873,0.0002713351656782184,individual,CA,SK,SASKATOON,MALE,Married,11101,Financial and investment analysts,64258.0,74.54893908281998,2167.0,unknown,unknown,0.0,0.0,0.0,,0.0,0.0,1,0.0,0.0,0.0,0.0,3.0,0.0,,0
657,SYNID0101081253,0.000270479859438139,individual,CA,ON,MISSISSAUGA,FEMALE,unknown,72106,Welders and related machine operators,58574.0,59.53182751540041,13539.0,unknown,unknown,0.0,0.0,0.0,,0.0,0.0,1,0.0,0.0,0.0,2182.62,0.0,0.0,,0
658,SYNID0102162708,0.000269009220480212,individual,CA,ON,KINGSTON,FEMALE,unknown,UNEMPLOYED,unknown,21489.0,62.2258726899384,10695.0,unknown,unknown,0.0,0.0,0.0,,0.0,0.0,1,0.0,0.0,0.0,390.13,1.0,0.0,unemployed,0
659,SYNID0102299337,0.0002688587302552721,individual,CA,ON,BRANTFORD,MALE,Married,RETIRED,unknown,0.0,71.78918548939083,3935.0,unknown,unknown,0.0,0.0,0.0,,0.0,0.0,1,9077.73,0.0,0.0,20.41,43.0,0.1506849315068493,high cheque activity (top 10%),0
660,SYNID0108631113,0.0002662396625571845,individual,CA,ON,TORONTO,MALE,Married,RETIRED,unknown,28885.0,71.50444900752909,10599.0,unknown,unknown,0.0,0.0,0.0,,0.0,0.0,1,0.0,0.0,0.0,1385.02,5.0,0.26666666666666666,,0
661,SYNID0104300314,0.00026275322545404607,individual,CA,SK,SASKATOON,MALE,Married,313,Nursing and allied health professionals,66597.0,63.7782340862423,4978.0,unknown,unknown,0.0,0.0,0.0,,0.0,0.0,1,3151.1400000000003,0.0,0.0,3092.5,4.0,0.3333333333333333,30%+ foreign card transactions,0
662,SYNID0107458311,0.0002613362360442443,individual,CA,BC,PRINCE GEORGE,MALE,Unknown,OTHER,unknown,0.0,66.73511293634498,2677.0,unknown,unknown,0.0,0.0,0.0,,0.0,0.0,1,0.0,0.0,0.0,834.52,0.0,0.0,,0
663,SYNID0105554152,0.0002578464906276138,individual,CA,ON,TORONTO,FEMALE,Married,OTHER,unknown,0.0,41.880903490759756,3527.0,unknown,unknown,0.0,0.0,0.0,,0.0,0.0,1,0.0,0.0,0.0,230.6,1.0,0.0,,0
664,SYNID0106977495,0.0002555205482262067,individual,CA,unknown,other,unknown,Single,65100,Cashiers,0.0,63.32375085557837,2478.0,unknown,unknown,0.0,0.0,0.0,,0.0,0.0,1,0.0,0.0,0.0,384.13000000000005,0.0,0.0,,0
665,SYNID0109180244,0.0002534696309345373,individual,CA,unknown,other,MALE,Unknown,SELF_EMPLOYED,unknown,4112.0,,2751.0,unknown,unknown,0.0,0.0,0.0,,0.0,0.0,1,1741.6,0.0,0.0,359.24,1.0,0.3125,30%+ foreign card transactions,0
666,SYNID0102541338,0.0002524636983619515,individual,CA,QC,QUEBEC,MALE,Married,OTHER,unknown,0.0,,6391.0,unknown,unknown,0.0,0.0,0.0,,0.0,0.0,1,2117.54,0.0,0.0,5114.150000000001,3.0,0.0,,0
667,SYNID0109190802,0.000252420705389577,individual,CA,ON,TORONTO,FEMALE,Single,RETIRED,unknown,35974.0,63.030800821355236,8832.0,unknown,unknown,0.0,0.0,0.0,,0.0,0.0,1,0.0,0.0,0.0,5941.01,15.0,0.14705882352941177,high EFT outflows (top 10%); high cheque activity (top 10%),0
668,SYNID0107682697,0.0002488021944751792,individual,CA,ON,MISSISSAUGA,MALE,Married,OTHER,unknown,70476.0,49.804243668720055,4659.0,unknown,unknown,0.0,0.0,0.0,,0.0,0.0,1,0.0,0.0,0.0,2203.95,0.0,0.0,,0
669,SYNID0103175044,0.00024634251794057523,individual,CA,ON,ST CATHARINES,MALE,Married,RETIRED,unknown,83737.0,66.10814510609171,12033.0,unknown,unknown,0.0,0.0,0.0,,0.0,0.0,1,783.29,0.0,0.0,1290.4499999999998,3.0,0.25,,0
670,SYNID0107854734,0.00024575004105669817,individual,CA,QC,MONTREAL,FEMALE,Single,73300,Transport truck drivers,35635.0,66.62833675564681,11840.0,unknown,unknown,0.0,0.0,0.0,,0.0,0.0,1,0.0,0.0,0.0,1054.65,0.0,0.07692307692307693,,0
671,SYNID0109474572,0.00024398911113247972,individual,CA,unknown,other,FEMALE,Married,UNEMPLOYED,unknown,9.0,47.441478439425055,6905.0,unknown,unknown,0.0,0.0,0.0,,0.0,0.0,1,2190.94,0.0,0.0,0.0,0.0,0.0,unemployed,0
672,SYNID0108006936,0.00023758780744637776,individual,CA,unknown,other,unknown,Married,75200,Taxi and limousine drivers and chauffeurs,0.0,51.540041067761805,3630.0,unknown,unknown,0.0,0.0,0.0,,0.0,0.0,1,977.5799999999999,0.0,0.0,165.38,0.0,0.0,,0
673,SYNID0104535187,0.00023571876574224668,individual,CA,NS,HALIFAX,MALE,Married,21399,Other professional engineers,187433.0,58.704996577686515,13919.0,unknown,unknown,0.0,0.0,0.0,,0.0,0.0,1,215.03,0.0,0.0,5858.74,4.0,0.16778523489932887,high EFT outflows (top 10%),0
674,SYNID0104569640,0.00022989875595444433,individual,CA,unknown,other,unknown,Married,SELF_EMPLOYED,unknown,185442.0,71.1813826146475,13192.0,unknown,unknown,0.0,0.0,0.0,,0.0,0.0,1,6176.45,0.0,0.0,67.76,0.0,0.14285714285714285,,0
675,SYNID0103362006,0.00022976116247817304,individual,CA,BC,RICHMOND,MALE,Married,RETIRED,unknown,79310.0,76.06297056810403,5178.0,unknown,unknown,0.0,0.0,0.0,,0.0,0.0,1,0.0,0.0,0.0,0.0,0.0,0.0,,0
676,SYNID0101639444,0.00022851114407355477,individual,CA,ON,SCARBOROUGH,FEMALE,Married,OTHER,unknown,53695.0,46.23956194387406,,unknown,unknown,0.0,0.0,0.0,,0.0,0.0,1,0.0,0.0,0.0,788.5799999999999,0.0,0.0,,0
677,SYNID0105971638,0.0002276961371126587,individual,CA,unknown,other,FEMALE,Single,SELF_EMPLOYED,unknown,62754.0,38.280629705681044,9107.0,unknown,unknown,0.0,0.0,0.0,,0.0,0.0,1,3721.72,0.0,0.0,1458.55,0.0,0.0,,0
678,SYNID0104542108,0.0002272595683922323,individual,CA,unknown,other,FEMALE,Married,14100,General office support workers,60457.0,40.205338809034906,6660.0,unknown,unknown,0.0,0.0,0.0,,0.0,0.0,1,6716.46,0.0,0.0,0.0,1.0,0.0,,0
679,SYNID0101220677,0.00022653005679145705,individual,CA,QC,other,unknown,Married,OTHER,unknown,0.0,49.541409993155376,2843.0,unknown,unknown,0.0,0.0,0.0,,0.0,0.0,1,0.0,0.0,0.0,3540.74,0.0,0.0,,0
680,SYNID0106048900,0.00022505291586550846,individual,CA,ON,TIMMINS,FEMALE,Married,RETIRED,unknown,92779.0,70.13004791238878,10364.0,unknown,unknown,0.0,0.0,0.0,,0.0,0.0,1,7169.24,0.0,0.0,2010.3999999999999,0.0,0.2631578947368421,,0
681,SYNID0100845215,0.00022228272135088866,individual,CA,unknown,other,MALE,Married,21399,Other professional engineers,64313.0,52.668035592060235,4077.0,unknown,unknown,0.0,0.0,0.0,,0.0,0.0,1,0.0,0.0,0.0,0.0,0.0,0.0,,0
682,SYNID0103634808,0.000222278569331895,individual,CA,ON,BRAMPTON,MALE,Single,RETIRED,unknown,77913.0,63.121149897330596,10585.0,unknown,unknown,0.0,0.0,0.0,,0.0,0.0,1,0.0,0.0,0.0,3391.0299999999997,0.0,0.0,,0
683,SYNID0100829885,0.00022172471878252766,individual,CA,ON,PICKERING,FEMALE,Single,RETIRED,unknown,16860.0,78.10266940451746,,unknown,unknown,0.0,0.0,0.0,,0.0,0.0,1,3716.5699999999997,0.0,0.0,0.0,1.0,0.0,,0
684,SYNID0102898844,0.00022076513325298465,individual,CA,ON,BURLINGTON,MALE,Married,OTHER,unknown,77698.0,35.79739904175222,,unknown,unknown,0.0,0.0,0.0,,0.0,0.0,1,14198.82,0.0,0.0,1618.71,13.0,0.16666666666666666,high EMT volume (top 10%); high cheque activity (top 10%),0
685,SYNID0104338656,0.00021910277641410121,individual,CA,ON,NIAGARA FALLS,unknown,Married,OTHER,unknown,36427.0,,8561.0,unknown,unknown,0.0,0.0,0.0,,0.0,0.0,1,4375.41,0.0,0.0,795.95,5.0,0.0,,0
686,SYNID0101125562,0.00021745688272115926,individual,CA,ON,OTTAWA,FEMALE,Married,RETIRED,unknown,51691.0,84.63791923340177,10457.0,unknown,unknown,0.0,0.0,0.0,,0.0,0.0,1,957.3100000000002,0.0,0.0,5466.92,1.0,0.21568627450980393,high EFT outflows (top 10%),0
687,SYNID0108195889,0.00021685156464361,individual,CA,ON,BARRIE,MALE,Married,OTHER,unknown,56616.0,66.34633812457221,,unknown,unknown,0.0,0.0,0.0,,0.0,0.0,1,1039.27,0.0,0.0,1756.4499999999998,6.0,0.0,,0
688,SYNID0102851514,0.0002149607619267435,individual,CA,unknown,other,MALE,Married,RETIRED,unknown,148640.0,66.75154004106776,12234.0,unknown,unknown,0.0,0.0,0.0,,0.0,0.0,1,22611.34,0.0,0.0,399.72999999999996,2.0,0.1875,high EMT volume (top 10%),0
689,SYNID0108310722,0.00021223790502479566,individual,CA,ON,STITTSVILLE,FEMALE,Married,SELF_EMPLOYED,unknown,33884.0,58.332648870636554,,unknown,unknown,0.0,0.0,0.0,,0.0,0.0,1,3449.75,0.0,0.0,0.0,1.0,0.0,,0
690,SYNID0105511618,0.0002117137870168557,individual,CA,ON,BRAMPTON,unknown,Single,OTHER,unknown,126212.0,67.34017796030116,8161.0,unknown,unknown,0.0,0.0,0.0,,0.0,0.0,1,0.0,0.0,0.0,0.0,1.0,0.0,,0
691,SYNID0200764769,0.00021140843890599836,smallbusiness,CA,unknown,other,unknown,unknown,unknown,unknown,0.0,,3099.0,4261,Electrical Work,0.0,0.0,3125.0,26.0,0.0,0.0,0,0.0,0.0,0.0,0.0,14.0,0.0,onboarded <30 days after business founding; high cheque activity (top 10%),0
692,SYNID0200419908,0.00021029308459266064,smallbusiness,CA,unknown,other,unknown,unknown,unknown,unknown,0.0,,6083.0,9949,Other Repair Services n.e.c.,1.0,142267.0,5867.0,-216.0,142267.0,0.0,0,4613.670000000001,0.0,0.0,14820.230000000001,1.0,0.0,onboarded <30 days after business founding; high EFT outflows (top 10%),0
693,SYNID0100691924,0.00020944591861381796,individual,CA,unknown,other,MALE,unknown,OTHER,unknown,0.0,27.189596167008897,2262.0,unknown,unknown,0.0,0.0,0.0,,0.0,0.0,1,2524.7799999999997,0.0,0.0,545.9399999999999,4.0,0.0,,0
694,SYNID0106871228,0.00020824518266857235,individual,CA,ON,TIMMINS,unknown,Married,RETIRED,unknown,22028.0,83.4880219028063,12033.0,unknown,unknown,0.0,0.0,0.0,,0.0,0.0,1,0.0,0.0,0.0,2245.64,13.0,0.20689655172413793,high cheque activity (top 10%),0
695,SYNID0102586527,0.0002071396933347738,individual,CA,unknown,other,FEMALE,Single,OTHER,unknown,64686.0,39.58658453114305,9377.0,unknown,unknown,0.0,0.0,0.0,,0.0,0.0,1,0.0,0.0,0.0,114.21,6.0,0.22388059701492538,,0
696,SYNID0106022980,0.0002066830518259973,individual,CA,unknown,other,MALE,Married,RETIRED,unknown,67978.0,73.48117727583846,7335.0,unknown,unknown,0.0,0.0,0.0,,0.0,0.0,1,0.0,0.0,0.0,0.0,0.0,0.375,30%+ foreign card transactions,0
697,SYNID0101952209,0.0002066032708542399,individual,CA,unknown,other,MALE,Married,OTHER,unknown,100062.0,43.58384668035592,5133.0,unknown,unknown,0.0,0.0,0.0,,0.0,0.0,1,6520.71,0.0,0.0,484.47,6.0,0.2073170731707317,,0
698,SYNID0200951025,0.00020599730603132365,smallbusiness,CA,unknown,other,unknown,unknown,unknown,unknown,0.0,,9614.0,7292,"Estate, Trust and Agency Funds",1.0,58552.0,10619.0,1005.0,58552.0,0.0,0,0.0,0.0,0.0,6497.130000000001,1.0,0.0,high EFT outflows (top 10%),0
699,SYNID0100000485,0.00020555665446888937,individual,CA,ON,BRAMPTON,FEMALE,Widowed,RETIRED,unknown,19998.0,91.00616016427105,10523.0,unknown,unknown,0.0,0.0,0.0,,0.0,0.0,1,0.0,0.0,0.0,2517.0299999999997,0.0,0.10526315789473684,,0
700,SYNID0108894156,0.00020181568167120399,individual,CA,BC,SURREY,MALE,Married,RETIRED,unknown,48150.0,82.1492128678987,12887.0,unknown,unknown,0.0,0.0,0.0,,0.0,0.0,1,67.29,0.0,0.0,1198.9399999999998,0.0,0.14285714285714285,,0
701,SYNID0100471288,0.00020172070827849994,individual,CA,unknown,other,MALE,Single,OTHER,unknown,102644.0,57.97946611909651,8769.0,unknown,unknown,0.0,0.0,0.0,,0.0,0.0,1,2733.39,0.0,0.0,6681.620000000001,0.0,0.0,high EFT outflows (top 10%),0
702,SYNID0102047276,0.0002003259406954621,individual,CA,unknown,other,MALE,unknown,SELF_EMPLOYED,unknown,82741.0,53.719370294318956,4627.0,unknown,unknown,0.0,0.0,0.0,,0.0,0.0,1,1085.28,0.0,0.0,1262.53,2.0,0.18811881188118812,,0
703,SYNID0100454317,0.00020021977469630286,individual,CA,unknown,other,FEMALE,unknown,RETIRED,unknown,22014.0,63.37850787132101,7111.0,unknown,unknown,0.0,0.0,0.0,,0.0,0.0,1,95.41999999999999,0.0,0.0,154.64,2.0,0.19767441860465115,,0
704,SYNID0105483525,0.00019978251704427024,individual,CA,unknown,other,MALE,Single,OTHER,unknown,59886.0,56.60780287474333,12174.0,unknown,unknown,0.0,0.0,0.0,,0.0,0.0,1,3053.63,0.0,0.0,775.5500000000001,0.0,0.17647058823529413,,0
705,SYNID0106342705,0.0001964523437634683,individual,CA,unknown,other,MALE,Married,73300,Transport truck drivers,103045.0,42.4476386036961,8222.0,unknown,unknown,0.0,0.0,0.0,,0.0,0.0,1,5440.71,0.0,0.0,1174.18,6.0,0.09523809523809523,,0
706,SYNID0107162254,0.00018668078085966165,individual,CA,unknown,other,MALE,Divorced,SELF_EMPLOYED,unknown,174949.0,59.7782340862423,11835.0,unknown,unknown,0.0,0.0,0.0,,0.0,0.0,1,4958.6,0.0,0.0,2141.96,0.0,0.2222222222222222,,0
707,SYNID0104069961,0.0001856878192438453,individual,CA,unknown,other,MALE,Married,63100,Insurance agents and brokers,44885.0,28.681724845995895,,unknown,unknown,0.0,0.0,0.0,,0.0,0.0,1,5879.85,0.0,0.0,0.0,1.0,0.16666666666666666,,0
708,SYNID0100934201,0.00018465688464875134,individual,CA,ON,GLOUCESTER,unknown,Married,33102,"Nurse aides, orderlies and patient service associates",56716.0,58.19849418206708,13700.0,unknown,unknown,0.0,0.0,0.0,,0.0,0.0,1,0.0,0.0,0.0,1801.28,0.0,0.0,,0
709,SYNID0107828297,0.0001846317546560527,individual,CA,QC,MONTREAL,unknown,Married,63202,Bakers,0.0,45.22655715263518,8619.0,unknown,unknown,0.0,0.0,0.0,,0.0,0.0,1,0.0,0.0,0.0,281.34000000000003,4.0,0.0,,0
710,SYNID0100912726,0.00018437146613153201,individual,CA,unknown,other,FEMALE,Married,65200,Food and beverage servers,66357.0,53.158110882956876,4488.0,unknown,unknown,0.0,0.0,0.0,,0.0,0.0,1,4044.03,0.0,0.0,0.0,1.0,0.0,,0
711,SYNID0109708181,0.0001832566328795829,individual,CA,unknown,other,MALE,Married,21301,Mechanical engineers,0.0,51.81656399726215,5062.0,unknown,unknown,0.0,0.0,0.0,,0.0,0.0,1,1001.8800000000001,0.0,0.0,949.48,6.0,0.0,,0
712,SYNID0106885037,0.00018324171657134515,individual,CA,ON,BARRIE,MALE,Married,SELF_EMPLOYED,unknown,122596.0,63.67967145790554,11936.0,unknown,unknown,0.0,0.0,0.0,,0.0,0.0,1,17182.15,0.0,0.0,653.96,1.0,0.0,high EMT volume (top 10%),0
713,SYNID0106214725,0.00017285430520078566,individual,CA,unknown,other,MALE,unknown,OTHER,unknown,116013.0,55.044490075290895,9202.0,unknown,unknown,0.0,0.0,0.0,,0.0,0.0,1,0.0,0.0,0.0,3402.78,0.0,0.09090909090909091,,0
714,SYNID0107609207,0.0001712479866806796,individual,CA,unknown,other,FEMALE,unknown,RETIRED,unknown,107164.0,61.94387405886379,11843.0,unknown,unknown,0.0,0.0,0.0,,0.0,0.0,1,3358.9100000000003,0.0,0.0,36.38,0.0,0.25,,0
715,SYNID0109473923,0.0001705796184914318,individual,CA,AB,CALGARY,MALE,Married,RETIRED,unknown,84106.0,69.05954825462013,7748.0,unknown,unknown,0.0,0.0,0.0,,0.0,0.0,1,0.0,0.0,0.0,0.0,7.0,0.0,,0
716,SYNID0103506645,0.00017010117045256415,individual,CA,unknown,other,MALE,Married,OTHER,unknown,45171.0,34.41204654346338,1949.0,unknown,unknown,0.0,0.0,0.0,,0.0,0.0,1,2873.25,0.0,0.0,1382.8600000000001,2.0,0.16793893129770993,,0
717,SYNID0200917577,0.00016703870929028975,smallbusiness,CA,QC,MONTREAL,unknown,unknown,unknown,unknown,0.0,,,7761,Offices of Lawyers and Notaries,1.0,216833.0,16046.0,,216833.0,0.0,0,0.0,0.0,0.0,0.0,17.0,0.0,high cheque activity (top 10%),0
718,SYNID0107707079,0.00016505415706011552,individual,CA,BC,VANCOUVER,MALE,Married,OTHER,unknown,48164.0,61.06502395619439,12297.0,unknown,unknown,0.0,0.0,0.0,,0.0,0.0,1,6844.91,0.0,0.0,929.45,0.0,0.0,,0
719,SYNID0103311135,0.00016277428857157982,individual,CA,unknown,other,FEMALE,Married,RETIRED,unknown,13.0,69.80698151950719,10469.0,unknown,unknown,0.0,0.0,0.0,,0.0,0.0,1,0.0,0.0,0.0,3674.42,0.0,0.3404255319148936,30%+ foreign card transactions,0
720,SYNID0109531915,0.00016156252176988811,individual,CA,unknown,other,MALE,Unknown,OTHER,unknown,27676.0,58.82819986310746,13132.0,unknown,unknown,0.0,0.0,0.0,,0.0,0.0,1,0.0,0.0,0.0,0.0,0.0,0.4,30%+ foreign card transactions,0
721,SYNID0105698019,0.00015691945206583948,individual,CA,unknown,other,FEMALE,unknown,RETIRED,unknown,17178.0,81.17180013689254,12485.0,unknown,unknown,0.0,0.0,0.0,,0.0,0.0,1,551.33,0.0,0.0,0.0,0.0,0.3333333333333333,30%+ foreign card transactions,0
722,SYNID0103567089,0.0001550716610242916,individual,CA,ON,MARKHAM,MALE,Single,11102,Financial advisors,83789.0,39.90417522245038,8759.0,unknown,unknown,0.0,0.0,0.0,,0.0,0.0,1,2545.93,0.0,0.0,6439.43,1.0,0.0,high EFT outflows (top 10%),0
723,SYNID0109300258,0.00015389589651541204,individual,CA,ON,GLOUCESTER,MALE,Married,RETIRED,unknown,88407.0,75.26899383983573,4703.0,unknown,unknown,0.0,0.0,0.0,,0.0,0.0,1,0.0,0.0,0.0,1102.7,0.0,0.0,,0
724,SYNID0105710647,0.00015383398447651342,individual,CA,ON,BURLINGTON,MALE,Married,RETIRED,unknown,35708.0,75.6495550992471,9546.0,unknown,unknown,0.0,0.0,0.0,,0.0,0.0,1,0.0,0.0,0.0,1470.07,5.0,0.18181818181818182,,0
725,SYNID0106329953,0.0001533372638733003,individual,CA,unknown,other,FEMALE,Unknown,SELF_EMPLOYED,unknown,0.0,51.60027378507871,2052.0,unknown,unknown,0.0,0.0,0.0,,0.0,0.0,1,8170.8099999999995,0.0,0.0,3323.1499999999996,0.0,0.0,,0
726,SYNID0103230564,0.00015312544990486504,individual,CA,AB,EDMONTON,MALE,Married,OTHER,unknown,131771.0,62.93223819301848,13736.0,unknown,unknown,0.0,0.0,0.0,,0.0,0.0,1,12021.46,0.0,0.0,2735.26,0.0,0.0,high EMT volume (top 10%),0
727,SYNID0103829187,0.00015272783283418157,individual,CA,unknown,other,FEMALE,Married,RETIRED,unknown,71245.0,65.160848733744,,unknown,unknown,0.0,0.0,0.0,,0.0,0.0,1,1233.1799999999998,0.0,0.0,1746.1299999999999,16.0,0.20967741935483872,high cheque activity (top 10%),0
728,SYNID0107727889,0.00015169643157542754,individual,CA,unknown,other,FEMALE,Married,10010,Financial managers,65295.0,54.60369609856263,634.0,unknown,unknown,0.0,0.0,0.0,,0.0,0.0,1,26.78,0.0,0.0,6145.22,4.0,0.0,high EFT outflows (top 10%),0
729,SYNID0106232264,0.0001514696646866015,individual,CA,ON,RICHMOND HILL,FEMALE,Married,OTHER,unknown,62466.0,52.40246406570842,8140.0,unknown,unknown,0.0,0.0,0.0,,0.0,0.0,1,1499.51,0.0,0.0,2959.5,4.0,0.16666666666666666,,0
730,SYNID0100821938,0.00014987618234948272,individual,CA,ON,KITCHENER,MALE,Married,RETIRED,unknown,27053.0,70.6611909650924,10445.0,unknown,unknown,0.0,0.0,0.0,,0.0,0.0,1,0.0,0.0,0.0,774.2099999999999,3.0,0.0,,0
731,SYNID0103959331,0.00014888729889082973,individual,CA,unknown,other,FEMALE,unknown,10019,Other administrative services managers,82814.0,53.36618754277892,9531.0,unknown,unknown,0.0,0.0,0.0,,0.0,0.0,1,0.0,0.0,0.0,505.68999999999994,2.0,0.16417910447761194,,0
732,SYNID0105974717,0.00014605448756797762,individual,CA,ON,LONDON,MALE,Unknown,RETIRED,unknown,16.0,87.23613963039014,,unknown,unknown,0.0,0.0,0.0,,0.0,0.0,1,0.0,0.0,0.0,502.39,0.0,0.0,,0
733,SYNID0104819614,0.00014333816672665978,individual,CA,unknown,other,FEMALE,Married,OTHER,unknown,0.0,50.978781656399725,10755.0,unknown,unknown,0.0,0.0,0.0,,0.0,0.0,1,7561.54,0.0,0.0,1703.8100000000002,3.0,0.07142857142857142,,0
734,SYNID0200817629,0.0001425227182986032,smallbusiness,CA,unknown,other,unknown,unknown,unknown,unknown,0.0,,1400.0,0919,Other Service Industries Incidental to Crude Petroleum and Natural Gas,2.0,638801.0,1710.0,310.0,319400.5,0.0,0,0.0,0.0,0.0,59.88,38.0,0.5384615384615384,30%+ foreign card transactions; high cheque activity (top 10%),0
735,SYNID0108117683,0.00013950583766923484,individual,CA,unknown,other,FEMALE,Single,21300,Civil engineers,0.0,,2384.0,unknown,unknown,0.0,0.0,0.0,,0.0,0.0,1,135.68,0.0,0.0,9080.63,4.0,0.0,high EFT outflows (top 10%),0
736,SYNID0107826542,0.0001377812389338121,individual,CA,BC,SURREY,MALE,Married,UNEMPLOYED,unknown,44316.0,62.691307323750856,8069.0,unknown,unknown,0.0,0.0,0.0,,0.0,0.0,1,0.0,0.0,0.0,1931.16,0.0,0.0,unemployed,0
737,SYNID0104294551,0.0001373795802791367,individual,CA,unknown,other,FEMALE,Single,RETIRED,unknown,0.0,62.20123203285421,5805.0,unknown,unknown,0.0,0.0,0.0,,0.0,0.0,1,4538.73,0.0,0.0,1147.35,0.0,0.0,,0
738,SYNID0107703815,0.00013658224373385008,individual,CA,unknown,other,MALE,Single,OTHER,unknown,26303.0,75.19507186858316,9467.0,unknown,unknown,0.0,0.0,0.0,,0.0,0.0,1,0.0,0.0,0.0,432.65000000000003,0.0,0.5,30%+ foreign card transactions,0
739,SYNID0100392981,0.00013503764257292379,individual,CA,unknown,other,unknown,Single,RETIRED,unknown,24698.0,68.90622861054072,11915.0,unknown,unknown,0.0,0.0,0.0,,0.0,0.0,1,0.0,0.0,0.0,0.0,8.0,0.19230769230769232,high cheque activity (top 10%),0
740,SYNID0102219754,0.00013391537618150475,individual,CA,ON,MISSISSAUGA,MALE,Married,RETIRED,unknown,16449.0,73.20739219712526,11430.0,unknown,unknown,0.0,0.0,0.0,,0.0,0.0,1,115.33,0.0,0.0,0.0,0.0,0.0,,0
741,SYNID0106248189,0.00013370594532810225,individual,CA,BC,NANAIMO,MALE,Married,SELF_EMPLOYED,unknown,52874.0,55.630390143737166,10389.0,unknown,unknown,0.0,0.0,0.0,,0.0,0.0,1,0.0,0.0,0.0,1446.25,4.0,0.3,,0
742,SYNID0107927723,0.0001328564279220678,individual,CA,unknown,other,MALE,Married,SELF_EMPLOYED,unknown,124054.0,59.1895961670089,11978.0,unknown,unknown,0.0,0.0,0.0,,0.0,0.0,1,16637.57,0.0,0.0,538.5699999999999,11.0,0.2857142857142857,high EMT volume (top 10%); high cheque activity (top 10%),0
743,SYNID0106652309,0.00013234645782728854,individual,CA,AB,EDMONTON,FEMALE,Married,10010,Financial managers,11.0,53.1088295687885,6784.0,unknown,unknown,0.0,0.0,0.0,,0.0,0.0,1,0.0,0.0,0.0,1254.3300000000002,11.0,0.0,high cheque activity (top 10%),0
744,SYNID0109547550,0.00012826673865184627,individual,CA,ON,TORONTO,FEMALE,Married,52120,Graphic designers and illustrators,33924.0,,5304.0,unknown,unknown,0.0,0.0,0.0,,0.0,0.0,1,1469.46,0.0,0.0,2464.13,3.0,0.0,,0
745,SYNID0103190083,0.00012676405487864657,individual,CA,ON,BOWMANVILLE,MALE,unknown,OTHER,unknown,0.0,87.38124572210815,10402.0,unknown,unknown,0.0,0.0,0.0,,0.0,0.0,1,148.14,0.0,0.0,5708.9800000000005,0.0,0.0,high EFT outflows (top 10%),0
746,SYNID0101981653,0.00012651902091388611,individual,CA,PE,CHARLOTTETOWN,MALE,Married,SELF_EMPLOYED,unknown,371929.0,62.00958247775496,7854.0,unknown,unknown,0.0,0.0,0.0,,0.0,0.0,1,2297.46,0.0,0.0,1169.45,7.0,0.15384615384615385,,0
747,SYNID0107141408,0.0001237367800180475,individual,CA,ON,LONDON,MALE,unknown,21300,Civil engineers,91068.0,56.69267624914442,9098.0,unknown,unknown,0.0,0.0,0.0,,0.0,0.0,1,267.92,0.0,0.0,795.38,4.0,0.0,,0
748,SYNID0109070767,0.00012213462296290908,individual,CA,unknown,other,MALE,Single,RETIRED,unknown,13.0,74.02327173169063,,unknown,unknown,0.0,0.0,0.0,,0.0,0.0,1,1729.0500000000002,0.0,0.0,0.0,3.0,0.047619047619047616,,0
749,SYNID0101638998,0.00012058066280156035,individual,CA,ON,TORONTO,MALE,Married,RETIRED,unknown,84875.0,78.98151950718686,15372.0,unknown,unknown,0.0,0.0,0.0,,0.0,0.0,1,1120.58,0.0,0.0,1043.83,3.0,0.18181818181818182,,0
750,SYNID0102742724,0.00012051022069245283,individual,CA,ON,SCARBOROUGH,FEMALE,Single,RETIRED,unknown,49685.0,73.50581793292265,10922.0,unknown,unknown,0.0,0.0,0.0,,0.0,0.0,1,1493.47,0.0,0.0,278.27,0.0,0.0,,0
751,SYNID0106572779,0.00012036157044822403,individual,CA,ON,TORONTO,MALE,Unknown,RETIRED,unknown,358034.0,,8796.0,unknown,unknown,0.0,0.0,0.0,,0.0,0.0,1,0.0,0.0,0.0,0.0,1.0,0.0,,0
752,SYNID0101847410,0.00011983363777863305,individual,CA,unknown,other,MALE,Single,OTHER,unknown,71188.0,44.91991786447639,12310.0,unknown,unknown,0.0,0.0,0.0,,0.0,0.0,1,6497.1,0.0,0.0,0.0,2.0,0.1574074074074074,,0
753,SYNID0105703083,0.00011972669799830674,individual,CA,unknown,other,FEMALE,Unknown,RETIRED,unknown,0.0,72.48186173853524,7447.0,unknown,unknown,0.0,0.0,0.0,,0.0,0.0,1,2545.4399999999996,0.0,0.0,1418.25,6.0,0.2222222222222222,,0
754,SYNID0103037429,0.00011946283564804366,individual,CA,ON,PEMBROKE,MALE,Married,SELF_EMPLOYED,unknown,0.0,71.25256673511294,9607.0,unknown,unknown,0.0,0.0,0.0,,0.0,0.0,1,2636.38,0.0,0.0,4999.17,0.0,0.0,,0
755,SYNID0100410511,0.00011889214584659617,individual,CA,ON,ETOBICOKE,FEMALE,Married,SELF_EMPLOYED,unknown,281891.0,53.73305954825462,3449.0,unknown,unknown,0.0,0.0,0.0,,0.0,0.0,1,5974.67,0.0,0.0,1180.76,5.0,0.16666666666666666,,0
756,SYNID0109575397,0.00011856945596580073,individual,CA,unknown,other,MALE,Married,73300,Transport truck drivers,86031.0,43.44421629021218,3256.0,unknown,unknown,0.0,0.0,0.0,,0.0,0.0,1,615.49,0.0,0.0,559.3299999999999,0.0,0.0,,0
757,SYNID0102637271,0.00011769614027010841,individual,CA,unknown,other,MALE,Married,65100,Cashiers,64684.0,,10562.0,unknown,unknown,0.0,0.0,0.0,,0.0,0.0,1,1389.3899999999999,0.0,0.0,267.58,4.0,0.5,30%+ foreign card transactions,0
758,SYNID0101399902,0.00011329835606701315,individual,CA,ON,TORONTO,FEMALE,unknown,UNEMPLOYED,unknown,0.0,83.72347707049965,10532.0,unknown,unknown,0.0,0.0,0.0,,0.0,0.0,1,0.0,0.0,0.0,0.0,1.0,0.0,unemployed,0
759,SYNID0107178242,0.00011322901364702181,individual,CA,ON,STONEY CREEK,FEMALE,Widowed,RETIRED,unknown,0.0,89.23477070499658,12129.0,unknown,unknown,0.0,0.0,0.0,,0.0,0.0,1,0.0,0.0,0.0,1612.65,0.0,0.0,,0
760,SYNID0108706777,0.0001114844007664154,individual,CA,unknown,other,FEMALE,Married,RETIRED,unknown,20541.0,73.20739219712526,9048.0,unknown,unknown,0.0,0.0,0.0,,0.0,0.0,1,0.0,0.0,0.0,0.0,0.0,0.2222222222222222,,0
761,SYNID0109164999,0.0001101241864348453,individual,CA,AB,FORT MCMURRAY,FEMALE,Married,OTHER,unknown,52634.0,44.473648186173854,,unknown,unknown,0.0,0.0,0.0,,0.0,0.0,1,0.0,0.0,0.0,0.0,1.0,0.0,,0
762,SYNID0102053582,0.00010904566669255724,individual,CA,unknown,other,FEMALE,Married,RETIRED,unknown,0.0,86.19028062970568,12209.0,unknown,unknown,0.0,0.0,0.0,,0.0,0.0,1,818.1899999999999,0.0,0.0,7876.099999999999,0.0,0.16666666666666666,high EFT outflows (top 10%),0
763,SYNID0101051401,0.00010653340243701079,individual,CA,ON,THORNHILL,FEMALE,Married,OTHER,unknown,0.0,,12361.0,unknown,unknown,0.0,0.0,0.0,,0.0,0.0,1,0.0,0.0,0.0,2715.14,1.0,0.2857142857142857,,0
764,SYNID0104508954,0.00010407607567217391,individual,CA,ON,WINDSOR,MALE,Married,SELF_EMPLOYED,unknown,0.0,64.43258042436688,3070.0,unknown,unknown,0.0,0.0,0.0,,0.0,0.0,1,0.0,0.0,0.0,179.52,18.0,0.0,high cheque activity (top 10%),0
765,SYNID0103272779,0.00010298083779937728,individual,CA,unknown,other,FEMALE,Married,OTHER,unknown,15.0,40.8870636550308,6202.0,unknown,unknown,0.0,0.0,0.0,,0.0,0.0,1,7166.48,0.0,0.0,1070.0700000000002,0.0,0.0,,0
766,SYNID0101419516,0.00010225371903237255,individual,CA,unknown,other,MALE,Married,SELF_EMPLOYED,unknown,34612.0,65.69199178644764,6471.0,unknown,unknown,0.0,0.0,0.0,,0.0,0.0,1,0.0,0.0,0.0,2780.59,3.0,0.5,30%+ foreign card transactions,0
767,SYNID0107027836,0.00010152865411802069,individual,CA,unknown,other,FEMALE,Married,OTHER,unknown,0.0,64.36139630390144,9489.0,unknown,unknown,0.0,0.0,0.0,,0.0,0.0,1,0.0,0.0,0.0,226.05,3.0,0.18181818181818182,,0
768,SYNID0109337075,0.00010136434748209255,individual,CA,unknown,other,unknown,unknown,RETIRED,unknown,122793.0,59.01437371663244,11930.0,unknown,unknown,0.0,0.0,0.0,,0.0,0.0,1,4713.39,0.0,0.0,1864.03,2.0,0.1590909090909091,,0
769,SYNID0103049939,0.00010011984824094604,individual,CA,unknown,other,MALE,Married,11101,Financial and investment analysts,0.0,60.2135523613963,5147.0,unknown,unknown,0.0,0.0,0.0,,0.0,0.0,1,0.0,0.0,0.0,2948.33,8.0,0.07547169811320754,high cheque activity (top 10%),0
770,SYNID0103749745,9.785812153432737e-05,individual,CA,unknown,other,FEMALE,Married,70010,Construction managers,59149.0,52.40520191649555,5582.0,unknown,unknown,0.0,0.0,0.0,,0.0,0.0,1,0.0,0.0,0.0,286.89,13.0,0.21739130434782608,high cheque activity (top 10%),0
771,SYNID0109776539,9.689116567613684e-05,individual,CA,unknown,other,MALE,Married,72410,"Automotive service technicians, truck and bus mechanics and mechanical repairers",11908.0,65.13347022587268,8728.0,unknown,unknown,0.0,0.0,0.0,,0.0,0.0,1,0.0,0.0,0.0,0.0,0.0,0.0,,0
772,SYNID0105246944,9.455636354181728e-05,individual,CA,ON,RICHMOND HILL,FEMALE,Married,RETIRED,unknown,59985.0,75.18412046543463,7746.0,unknown,unknown,0.0,0.0,0.0,,0.0,0.0,1,0.0,0.0,0.0,4206.9,0.0,0.0,,0
773,SYNID0105101959,9.368931944428365e-05,individual,CA,unknown,other,MALE,Single,33102,"Nurse aides, orderlies and patient service associates",89694.0,63.05270362765229,11960.0,unknown,unknown,0.0,0.0,0.0,,0.0,0.0,1,0.0,0.0,0.0,1007.76,2.0,0.21739130434782608,,0
774,SYNID0100400964,9.299377531576085e-05,individual,CA,unknown,other,MALE,Married,OTHER,unknown,79376.0,,14158.0,unknown,unknown,0.0,0.0,0.0,,0.0,0.0,1,2600.88,0.0,0.0,891.71,3.0,0.17647058823529413,,0
775,SYNID0101436278,9.102234050066564e-05,individual,CA,unknown,other,MALE,Married,RETIRED,unknown,62923.0,70.06707734428474,,unknown,unknown,0.0,0.0,0.0,,0.0,0.0,1,4156.7300000000005,0.0,0.0,0.0,2.0,0.2857142857142857,,0
776,SYNID0104871187,9.003378487867128e-05,individual,CA,BC,VANCOUVER,FEMALE,unknown,OTHER,unknown,48954.0,55.553730321697465,12479.0,unknown,unknown,0.0,0.0,0.0,,0.0,0.0,1,75.86,0.0,0.0,702.84,0.0,0.0,,0
777,SYNID0103815921,8.988213261537638e-05,individual,CA,ON,OTTAWA,unknown,Married,RETIRED,unknown,32328.0,85.51403148528405,10945.0,unknown,unknown,0.0,0.0,0.0,,0.0,0.0,1,2332.29,0.0,0.0,1986.3700000000001,0.0,0.0,,0
778,SYNID0103169605,8.97242807045649e-05,individual,CA,ON,COBOURG,MALE,Married,72310,Carpenters,76457.0,51.21697467488022,12063.0,unknown,unknown,0.0,0.0,0.0,,0.0,0.0,1,4254.29,0.0,0.0,424.19,1.0,0.0,,0
779,SYNID0104349621,8.95658335651832e-05,individual,CA,unknown,other,MALE,Married,RETIRED,unknown,0.0,77.07049965776865,2668.0,unknown,unknown,0.0,0.0,0.0,,0.0,0.0,1,0.0,0.0,0.0,0.0,0.0,0.0,,0
780,SYNID0105297958,8.92241512294377e-05,individual,CA,ON,RENFREW,unknown,Married,RETIRED,unknown,20873.0,73.2703627652293,12140.0,unknown,unknown,0.0,0.0,0.0,,0.0,0.0,1,0.0,0.0,0.0,265.17,0.0,0.0,,0
781,SYNID0107511443,8.91873628168373e-05,individual,CA,ON,TORONTO,FEMALE,Widowed,RETIRED,unknown,0.0,79.91238877481177,10463.0,unknown,unknown,0.0,0.0,0.0,,0.0,0.0,1,0.0,0.0,0.0,1458.15,3.0,0.0,,0
782,SYNID0108796379,8.877282799877254e-05,individual,CA,unknown,other,unknown,unknown,RETIRED,unknown,33217.0,80.72279260780287,13174.0,unknown,unknown,0.0,0.0,0.0,,0.0,0.0,1,0.0,0.0,0.0,1195.48,4.0,0.0,,0
783,SYNID0108423299,8.8594115245817e-05,individual,CA,ON,OWEN SOUND,unknown,Married,RETIRED,unknown,20322.0,75.72347707049965,6888.0,unknown,unknown,0.0,0.0,0.0,,0.0,0.0,1,0.0,0.0,0.0,935.45,1.0,0.0,,0
784,SYNID0101368638,8.847346635331723e-05,individual,CA,ON,GUELPH,FEMALE,Married,RETIRED,unknown,0.0,71.13483915126626,9214.0,unknown,unknown,0.0,0.0,0.0,,0.0,0.0,1,0.0,0.0,0.0,853.78,0.0,0.0,,0
785,SYNID0105031157,8.837566730495784e-05,individual,CA,unknown,other,FEMALE,Married,RETIRED,unknown,0.0,75.75906913073237,11313.0,unknown,unknown,0.0,0.0,0.0,,0.0,0.0,1,0.0,0.0,0.0,1081.38,0.0,0.18181818181818182,,0
786,SYNID0103153328,8.826658842938486e-05,individual,CA,AB,EDMONTON,MALE,Married,RETIRED,unknown,17532.0,87.95071868583162,12492.0,unknown,unknown,0.0,0.0,0.0,,0.0,0.0,1,0.0,0.0,0.0,269.77,4.0,0.13636363636363635,,0
787,SYNID0107825951,8.7877128567251e-05,individual,CA,unknown,other,FEMALE,unknown,10019,Other administrative services managers,0.0,60.96098562628337,2310.0,unknown,unknown,0.0,0.0,0.0,,0.0,0.0,1,0.0,0.0,0.0,2647.2999999999997,3.0,0.0,,0
788,SYNID0101266181,8.784546090329506e-05,individual,CA,BC,PRINCE GEORGE,FEMALE,Divorced,OTHER,unknown,10.0,65.48117727583846,8320.0,unknown,unknown,0.0,0.0,0.0,,0.0,0.0,1,0.0,0.0,0.0,0.0,11.0,0.0,high cheque activity (top 10%),0
789,SYNID0102378620,8.749135242917297e-05,individual,CA,unknown,other,MALE,Single,RETIRED,unknown,27577.0,68.02190280629706,7514.0,unknown,unknown,0.0,0.0,0.0,,0.0,0.0,1,0.0,0.0,0.0,251.26999999999998,0.0,0.0,,0
790,SYNID0108195914,8.723301741519995e-05,individual,CA,unknown,other,MALE,Married,OTHER,unknown,65713.0,51.07460643394935,12112.0,unknown,unknown,0.0,0.0,0.0,,0.0,0.0,1,5290.110000000001,0.0,0.0,3295.84,1.0,0.19272727272727272,,0
791,SYNID0104223140,8.544483971183238e-05,individual,CA,unknown,other,FEMALE,Single,OTHER,unknown,10770.0,50.4394250513347,11328.0,unknown,unknown,0.0,0.0,0.0,,0.0,0.0,1,0.0,0.0,0.0,0.0,0.0,0.0,,0
792,SYNID0109810344,8.504067335755685e-05,individual,CA,unknown,other,MALE,Unknown,OTHER,unknown,0.0,,1521.0,unknown,unknown,0.0,0.0,0.0,,0.0,0.0,1,2281.9199999999996,0.0,0.0,2069.33,0.0,0.0,,0
793,SYNID0103736830,8.470798970792946e-05,individual,CA,ON,BRAMPTON,MALE,Married,OTHER,unknown,0.0,70.61464750171116,12059.0,unknown,unknown,0.0,0.0,0.0,,0.0,0.0,1,0.0,0.0,0.0,3117.41,5.0,0.08695652173913043,,0
794,SYNID0109163412,8.358621697011028e-05,individual,CA,AB,CALGARY,MALE,Married,RETIRED,unknown,27096.0,73.05954825462013,10106.0,unknown,unknown,0.0,0.0,0.0,,0.0,0.0,1,0.0,0.0,0.0,1307.51,0.0,0.0,,0
795,SYNID0109248069,8.336983218233627e-05,individual,CA,ON,GUELPH,FEMALE,Married,SELF_EMPLOYED,unknown,44874.0,63.611225188227245,10470.0,unknown,unknown,0.0,0.0,0.0,,0.0,0.0,1,0.0,0.0,0.0,656.1800000000001,0.0,0.0,,0
796,SYNID0105320974,8.171947574305924e-05,individual,CA,ON,TORONTO,MALE,Married,RETIRED,unknown,34059.0,77.16358658453115,11726.0,unknown,unknown,0.0,0.0,0.0,,0.0,0.0,1,0.0,0.0,0.0,710.7,0.0,0.0,,0
797,SYNID0109994236,8.151905400147987e-05,individual,CA,ON,TORONTO,MALE,Married,OTHER,unknown,0.0,90.54893908281998,8079.0,unknown,unknown,0.0,0.0,0.0,,0.0,0.0,1,0.0,0.0,0.0,7305.8,0.0,0.0,high EFT outflows (top 10%),0
798,SYNID0102987751,8.069618119936118e-05,individual,CA,unknown,other,unknown,Married,OTHER,unknown,85679.0,39.97809719370294,5701.0,unknown,unknown,0.0,0.0,0.0,,0.0,0.0,1,4679.030000000001,0.0,0.0,4108.9800000000005,0.0,0.17543859649122806,,0
799,SYNID0100891501,8.05654192089042e-05,individual,CA,unknown,other,MALE,Single,75200,Taxi and limousine drivers and chauffeurs,92563.0,52.596851471594796,8899.0,unknown,unknown,0.0,0.0,0.0,,0.0,0.0,1,2593.16,0.0,0.0,13.78,3.0,0.0,,0
800,SYNID0102865617,7.958045899121063e-05,individual,CA,unknown,other,MALE,Married,OTHER,unknown,150122.0,45.60164271047228,,unknown,unknown,0.0,0.0,0.0,,0.0,0.0,1,1072.48,0.0,0.0,1107.22,1.0,0.391304347826087,30%+ foreign card transactions,0
801,SYNID0200344226,7.804801442521041e-05,smallbusiness,CA,unknown,other,unknown,unknown,unknown,unknown,0.0,,9529.0,8641,Child Day-Care and Nursery School Services,1.0,40177.0,11570.0,2041.0,40177.0,0.0,0,0.0,0.0,0.0,6478.49,6.0,0.0,high EFT outflows (top 10%),0
802,SYNID0103616412,7.670092496633827e-05,individual,CA,unknown,other,FEMALE,Single,OTHER,unknown,0.0,72.94729637234771,11707.0,unknown,unknown,0.0,0.0,0.0,,0.0,0.0,1,0.0,0.0,0.0,3016.7000000000003,3.0,0.20512820512820512,,0
803,SYNID0108623691,7.590668286526551e-05,individual,CA,NS,HALIFAX,MALE,Married,RETIRED,unknown,43730.0,78.27515400410678,12120.0,unknown,unknown,0.0,0.0,0.0,,0.0,0.0,1,1983.8700000000001,0.0,0.0,4004.48,6.0,0.0,,0
804,SYNID0105655298,7.583382942186339e-05,individual,CA,ON,KITCHENER,MALE,Married,SELF_EMPLOYED,unknown,128394.0,64.25735797399042,8400.0,unknown,unknown,0.0,0.0,0.0,,0.0,0.0,1,10.29,0.0,0.0,2472.53,0.0,0.0,,0
805,SYNID0105429404,7.580218107788523e-05,individual,CA,ON,TORONTO,FEMALE,Widowed,RETIRED,unknown,36440.0,78.11909650924025,13759.0,unknown,unknown,0.0,0.0,0.0,,0.0,0.0,1,1700.96,0.0,0.0,913.7,1.0,0.0,,0
806,SYNID0100096061,7.454006803504449e-05,individual,CA,ON,MISSISSAUGA,FEMALE,Single,RETIRED,unknown,58208.0,73.8754277891855,10575.0,unknown,unknown,0.0,0.0,0.0,,0.0,0.0,1,1623.18,0.0,0.0,2448.11,1.0,0.0,,0
807,SYNID0100163113,7.406139717907422e-05,individual,CA,ON,SCARBOROUGH,FEMALE,Married,RETIRED,unknown,11.0,81.10335386721424,10544.0,unknown,unknown,0.0,0.0,0.0,,0.0,0.0,1,176.53,0.0,0.0,2487.95,0.0,0.0,,0
808,SYNID0108203153,7.34049946529708e-05,individual,CA,ON,BRAMPTON,FEMALE,Married,RETIRED,unknown,10.0,73.39630390143738,6152.0,unknown,unknown,0.0,0.0,0.0,,0.0,0.0,1,2147.45,0.0,0.0,1833.74,12.0,0.0625,high cheque activity (top 10%),0
809,SYNID0100263641,7.29073434123165e-05,individual,CA,AB,CALGARY,MALE,Married,OTHER,unknown,0.0,63.723477070499655,4674.0,unknown,unknown,0.0,0.0,0.0,,0.0,0.0,1,1789.9,0.0,0.0,235.1,2.0,0.0,,0
810,SYNID0105926152,7.200343654888753e-05,individual,CA,unknown,other,MALE,Married,SELF_EMPLOYED,unknown,44424.0,40.39972621492129,9156.0,unknown,unknown,0.0,0.0,0.0,,0.0,0.0,1,42.82,0.0,0.0,2968.26,1.0,0.125,,0
811,SYNID0100741700,7.165216303963974e-05,individual,CA,NB,MONCTON,FEMALE,Married,RETIRED,unknown,101328.0,65.07049965776865,11232.0,unknown,unknown,0.0,0.0,0.0,,0.0,0.0,1,4233.7,0.0,0.0,864.5400000000001,5.0,0.2727272727272727,,0
812,SYNID0102457674,6.899767893047936e-05,individual,CA,SK,SASKATOON,MALE,Married,RETIRED,unknown,0.0,76.91444216290212,10605.0,unknown,unknown,0.0,0.0,0.0,,0.0,0.0,1,823.4,0.0,0.0,2079.52,2.0,0.13043478260869565,,0
813,SYNID0105460851,6.882114663162364e-05,individual,CA,ON,OTTAWA,FEMALE,Married,RETIRED,unknown,16.0,75.28815879534565,12339.0,unknown,unknown,0.0,0.0,0.0,,0.0,0.0,1,0.0,0.0,0.0,488.0,2.0,0.25,,0
814,SYNID0200302254,6.837194737224238e-05,smallbusiness,CA,BC,NORTH VANCOUVER,unknown,unknown,unknown,unknown,0.0,,5141.0,Other,unknown,1.0,54987.0,12098.0,6957.0,54987.0,0.0,0,0.0,0.0,0.0,0.0,5.0,0.25,,0
815,SYNID0105914264,6.81987829437795e-05,individual,CA,ON,ARNPRIOR,FEMALE,Single,RETIRED,unknown,129950.0,68.18617385352498,12388.0,unknown,unknown,0.0,0.0,0.0,,0.0,0.0,1,3920.12,0.0,0.0,1.5,5.0,0.16455696202531644,,0
816,SYNID0100197952,6.803740087426885e-05,individual,CA,unknown,other,FEMALE,Widowed,RETIRED,unknown,0.0,83.16221765913758,3434.0,unknown,unknown,0.0,0.0,0.0,,0.0,0.0,1,0.0,0.0,0.0,1697.1100000000001,0.0,0.0,,0
817,SYNID0107945037,6.750122206315641e-05,individual,CA,unknown,other,FEMALE,Married,OTHER,unknown,85889.0,41.379876796714576,9181.0,unknown,unknown,0.0,0.0,0.0,,0.0,0.0,1,3470.08,0.0,0.0,0.0,0.0,0.0,,0
818,SYNID0104916802,6.705621123395936e-05,individual,CA,unknown,other,FEMALE,Married,65200,Food and beverage servers,31389.0,37.74401095140315,6257.0,unknown,unknown,0.0,0.0,0.0,,0.0,0.0,1,208.59,0.0,0.0,746.3499999999999,2.0,0.14893617021276595,,0
819,SYNID0101892382,6.608975143695531e-05,individual,CA,MB,WINNIPEG,FEMALE,Unknown,RETIRED,unknown,0.0,74.61464750171116,12471.0,unknown,unknown,0.0,0.0,0.0,,0.0,0.0,1,0.0,0.0,0.0,2066.76,0.0,0.0,,0
820,SYNID0109235555,6.501535887589938e-05,individual,CA,unknown,other,MALE,Married,SELF_EMPLOYED,unknown,114642.0,73.70294318959617,13065.0,unknown,unknown,0.0,0.0,0.0,,0.0,0.0,1,6365.71,0.0,0.0,1080.8600000000001,1.0,0.2,,0
821,SYNID0102110508,6.426395782255645e-05,individual,CA,AB,EDMONTON,FEMALE,Married,RETIRED,unknown,0.0,70.71321013004791,12451.0,unknown,unknown,0.0,0.0,0.0,,0.0,0.0,1,231.83,0.0,0.0,3754.66,1.0,0.2087912087912088,,0
822,SYNID0101473294,6.353676002335337e-05,individual,CA,unknown,other,FEMALE,Married,RETIRED,unknown,0.0,,4028.0,unknown,unknown,0.0,0.0,0.0,,0.0,0.0,1,0.0,0.0,0.0,39.29,0.0,0.0,,0
823,SYNID0109483662,6.31678953532144e-05,individual,CA,ON,LONDON,MALE,Married,SELF_EMPLOYED,unknown,287877.0,62.940451745379875,4572.0,unknown,unknown,0.0,0.0,0.0,,0.0,0.0,1,11232.08,0.0,0.0,2407.7,0.0,0.0,high EMT volume (top 10%),0
824,SYNID0107523153,6.255869212242241e-05,individual,CA,unknown,other,MALE,Single,OTHER,unknown,16831.0,47.200547570157426,4554.0,unknown,unknown,0.0,0.0,0.0,,0.0,0.0,1,0.0,0.0,0.0,418.57,1.0,0.0,,0
825,SYNID0106000448,6.0802972284220534e-05,individual,CA,unknown,other,MALE,Single,30010,Managers in health care,43459.0,63.30732375085558,13118.0,unknown,unknown,0.0,0.0,0.0,,0.0,0.0,1,0.0,0.0,0.0,0.0,0.0,0.1111111111111111,,0
826,SYNID0103551044,6.021114976487797e-05,individual,CA,ON,SCARBOROUGH,MALE,Married,RETIRED,unknown,36264.0,73.4318959616701,12288.0,unknown,unknown,0.0,0.0,0.0,,0.0,0.0,1,0.0,0.0,0.0,0.0,6.0,0.0,,0
827,SYNID0106523980,5.9202875245708e-05,individual,CA,ON,OTTAWA,MALE,Married,OTHER,unknown,99671.0,66.943189596167,10555.0,unknown,unknown,0.0,0.0,0.0,,0.0,0.0,1,0.0,0.0,0.0,900.78,0.0,0.0,,0
828,SYNID0107043376,5.811645513160478e-05,individual,CA,AB,EDMONTON,FEMALE,Married,UNEMPLOYED,unknown,0.0,71.6331279945243,10417.0,unknown,unknown,0.0,0.0,0.0,,0.0,0.0,1,0.0,0.0,0.0,1594.2000000000003,4.0,0.0,unemployed,0
829,SYNID0100898515,5.782794419671516e-05,individual,CA,unknown,other,MALE,Married,RETIRED,unknown,61323.0,65.29774127310061,12207.0,unknown,unknown,0.0,0.0,0.0,,0.0,0.0,1,241.06,0.0,0.0,636.33,1.0,0.15918367346938775,,0
830,SYNID0105535345,5.738441907159438e-05,individual,CA,unknown,other,FEMALE,Married,63200,Cooks,117036.0,39.52908966461328,7544.0,unknown,unknown,0.0,0.0,0.0,,0.0,0.0,1,4276.63,0.0,0.0,4425.14,2.0,0.07894736842105263,,0
831,SYNID0102399425,5.729426277250164e-05,individual,CA,unknown,other,FEMALE,Married,unknown,unknown,74244.0,50.54620123203286,12520.0,unknown,unknown,0.0,0.0,0.0,,0.0,0.0,1,684.7900000000001,0.0,0.0,47.96,4.0,0.16363636363636364,,0
832,SYNID0101748101,5.706349463971696e-05,individual,CA,unknown,other,FEMALE,Unknown,72106,Welders and related machine operators,0.0,49.81245722108145,11366.0,unknown,unknown,0.0,0.0,0.0,,0.0,0.0,1,0.0,0.0,0.0,189.69,5.0,0.3333333333333333,30%+ foreign card transactions,0
833,SYNID0105978169,5.683001199295858e-05,individual,CA,ON,WHITBY,MALE,Divorced,RETIRED,unknown,49168.0,86.80903490759754,,unknown,unknown,0.0,0.0,0.0,,0.0,0.0,1,0.0,0.0,0.0,480.3,1.0,0.0,,0
834,SYNID0108295427,5.641854287744234e-05,individual,CA,unknown,other,MALE,Unknown,SELF_EMPLOYED,unknown,109629.0,67.49897330595482,4684.0,unknown,unknown,0.0,0.0,0.0,,0.0,0.0,1,3651.75,0.0,0.0,383.4,1.0,0.15384615384615385,,0
835,SYNID0100361334,5.641361221266663e-05,individual,CA,unknown,other,FEMALE,Single,OTHER,unknown,0.0,23.419575633127995,,unknown,unknown,0.0,0.0,0.0,,0.0,0.0,1,347.34000000000003,0.0,0.0,0.0,14.0,0.0,high cheque activity (top 10%),0
836,SYNID0106826296,5.551507331214604e-05,individual,CA,ON,SUDBURY,FEMALE,Widowed,RETIRED,unknown,0.0,83.11567419575633,9604.0,unknown,unknown,0.0,0.0,0.0,,0.0,0.0,1,5271.11,0.0,0.0,2023.36,1.0,0.0,,0
837,SYNID0109195398,5.534003817451511e-05,individual,CA,unknown,other,MALE,Married,RETIRED,unknown,52193.0,65.90006844626969,11718.0,unknown,unknown,0.0,0.0,0.0,,0.0,0.0,1,0.0,0.0,0.0,25370.95,6.0,0.19117647058823528,high EFT outflows (top 10%),0
838,SYNID0102293078,5.532831219662888e-05,individual,CA,ON,NORTH YORK,MALE,Married,RETIRED,unknown,24377.0,86.80082135523614,10410.0,unknown,unknown,0.0,0.0,0.0,,0.0,0.0,1,0.0,0.0,0.0,42.03,0.0,0.0,,0
839,SYNID0108996903,5.5159579293956064e-05,individual,CA,unknown,other,MALE,Married,RETIRED,unknown,67172.0,71.8466803559206,12348.0,unknown,unknown,0.0,0.0,0.0,,0.0,0.0,1,0.0,0.0,0.0,4103.02,0.0,0.4,30%+ foreign card transactions,0
840,SYNID0104210062,5.4506629454602586e-05,individual,CA,unknown,other,MALE,Married,SELF_EMPLOYED,unknown,81425.0,53.779603011635864,10037.0,unknown,unknown,0.0,0.0,0.0,,0.0,0.0,1,0.0,0.0,0.0,2332.11,2.0,0.25,,0
841,SYNID0105985656,5.3616730373398943e-05,individual,CA,QC,MONTREAL,MALE,Married,7410,Mail and message distribution occupations,139962.0,62.770704996577685,10519.0,unknown,unknown,0.0,0.0,0.0,,0.0,0.0,1,167.12,0.0,0.0,7833.0,2.0,0.11627906976744186,high EFT outflows (top 10%),0
842,SYNID0105656453,5.266678689509338e-05,individual,CA,unknown,other,MALE,Married,RETIRED,unknown,0.0,66.7378507871321,5299.0,unknown,unknown,0.0,0.0,0.0,,0.0,0.0,1,0.0,0.0,0.0,879.07,1.0,0.25,,0
843,SYNID0101861070,5.256310565860149e-05,individual,CA,unknown,other,unknown,Widowed,RETIRED,unknown,40330.0,89.91649555099247,12326.0,unknown,unknown,0.0,0.0,0.0,,0.0,0.0,1,0.0,0.0,0.0,87.87,3.0,0.22580645161290322,,0
844,SYNID0109789733,5.2414488109442794e-05,individual,CA,QC,TERREBONNE,MALE,Married,RETIRED,unknown,80471.0,69.89185489390829,,unknown,unknown,0.0,0.0,0.0,,0.0,0.0,1,0.0,0.0,0.0,697.49,2.0,0.0,,0
845,SYNID0106390012,5.237141408816985e-05,individual,CA,NL,ST. JOHN'S,MALE,Married,RETIRED,unknown,42192.0,77.84804928131418,10504.0,unknown,unknown,0.0,0.0,0.0,,0.0,0.0,1,0.0,0.0,0.0,0.0,0.0,0.0,,0
846,SYNID0101443919,5.1911917229310826e-05,individual,CA,unknown,other,MALE,Married,RETIRED,unknown,42461.0,80.74743326488706,13648.0,unknown,unknown,0.0,0.0,0.0,,0.0,0.0,1,1347.29,0.0,0.0,3602.5800000000004,0.0,0.1702127659574468,,0
847,SYNID0107202512,5.1824377599028546e-05,individual,CA,unknown,other,FEMALE,Married,41200,University professors and lecturers,56301.0,58.847364818617386,3513.0,unknown,unknown,0.0,0.0,0.0,,0.0,0.0,1,6153.679999999999,0.0,0.0,4514.88,1.0,0.0,,0
848,SYNID0107951126,5.156448805155448e-05,individual,CA,ON,WELLAND,FEMALE,Married,RETIRED,unknown,12165.0,,13324.0,unknown,unknown,0.0,0.0,0.0,,0.0,0.0,1,5766.25,0.0,0.0,10.41,0.0,0.0,,0
849,SYNID0107643401,5.156175630516473e-05,individual,CA,ON,TIMMINS,FEMALE,Widowed,RETIRED,unknown,13294.0,82.14647501711157,9569.0,unknown,unknown,0.0,0.0,0.0,,0.0,0.0,1,0.0,0.0,0.0,718.21,1.0,0.0,,0
850,SYNID0109114621,5.145351581116854e-05,individual,CA,unknown,other,FEMALE,Married,SELF_EMPLOYED,unknown,9057.0,58.83093771389459,10570.0,unknown,unknown,0.0,0.0,0.0,,0.0,0.0,1,74.10000000000001,0.0,0.0,412.58,3.0,0.3333333333333333,30%+ foreign card transactions,0
851,SYNID0105435213,5.064552597510797e-05,individual,CA,unknown,other,MALE,Married,OTHER,unknown,95382.0,62.847364818617386,13256.0,unknown,unknown,0.0,0.0,0.0,,0.0,0.0,1,5210.63,0.0,0.0,1256.5700000000002,1.0,0.25,,0
852,SYNID0102121118,5.0136254307459994e-05,individual,CA,ON,OTTAWA,FEMALE,Single,RETIRED,unknown,45206.0,75.21697467488022,10514.0,unknown,unknown,0.0,0.0,0.0,,0.0,0.0,1,0.0,0.0,0.0,2060.0299999999997,2.0,0.0,,0
853,SYNID0106553841,5.003112086138716e-05,individual,CA,ON,MAPLE,MALE,Single,RETIRED,unknown,21345.0,87.47707049965777,12283.0,unknown,unknown,0.0,0.0,0.0,,0.0,0.0,1,0.0,0.0,0.0,0.0,10.0,0.0,high cheque activity (top 10%),0
854,SYNID0106713726,4.99735346354527e-05,individual,CA,unknown,other,FEMALE,Married,UNEMPLOYED,unknown,22994.0,65.66461327857631,10763.0,unknown,unknown,0.0,0.0,0.0,,0.0,0.0,1,2795.88,0.0,0.0,1418.54,0.0,0.11538461538461539,unemployed,0
855,SYNID0108634903,4.9969944877772475e-05,individual,CA,AB,CALGARY,MALE,Married,SELF_EMPLOYED,unknown,53943.0,79.2060232717317,11817.0,unknown,unknown,0.0,0.0,0.0,,0.0,0.0,1,5772.25,0.0,0.0,1245.33,3.0,0.24390243902439024,,0
856,SYNID0107932380,4.9897632480530196e-05,individual,CA,unknown,other,MALE,Single,OTHER,unknown,78816.0,,7385.0,unknown,unknown,0.0,0.0,0.0,,0.0,0.0,1,12.88,0.0,0.0,279.15,0.0,0.0,,0
857,SYNID0102051274,4.982002710938771e-05,individual,CA,unknown,other,MALE,Married,OTHER,unknown,68287.0,62.73511293634497,12431.0,unknown,unknown,0.0,0.0,0.0,,0.0,0.0,1,41.95,0.0,0.0,12246.439999999999,2.0,0.19553072625698323,high EFT outflows (top 10%),0
858,SYNID0106001660,4.970269480429525e-05,individual,CA,ON,SCARBOROUGH,FEMALE,Unknown,OTHER,unknown,0.0,90.24777549623545,9203.0,unknown,unknown,0.0,0.0,0.0,,0.0,0.0,1,0.0,0.0,0.0,1065.2,0.0,0.0,,0
859,SYNID0109367637,4.8876233426835015e-05,individual,CA,unknown,other,MALE,Single,RETIRED,unknown,79621.0,46.34360027378508,13251.0,unknown,unknown,0.0,0.0,0.0,,0.0,0.0,1,0.0,0.0,0.0,1283.69,0.0,0.0,,0
860,SYNID0102838821,4.8621220288500034e-05,individual,CA,unknown,other,MALE,Unknown,SELF_EMPLOYED,unknown,437608.0,59.9917864476386,,unknown,unknown,0.0,0.0,0.0,,0.0,0.0,1,0.0,0.0,0.0,0.0,0.0,0.1,,0
861,SYNID0109505596,4.812016197357374e-05,individual,CA,ON,GLOUCESTER,MALE,Married,RETIRED,unknown,36945.0,79.9069130732375,12263.0,unknown,unknown,0.0,0.0,0.0,,0.0,0.0,1,0.0,0.0,0.0,640.48,0.0,0.0,,0
862,SYNID0102235462,4.782562987187918e-05,individual,CA,unknown,other,MALE,Single,RETIRED,unknown,76111.0,67.55920602327173,7616.0,unknown,unknown,0.0,0.0,0.0,,0.0,0.0,1,0.0,0.0,0.0,3287.71,0.0,0.0,,0
863,SYNID0106564366,4.7815965063979145e-05,individual,CA,ON,BRAMPTON,FEMALE,Married,RETIRED,unknown,46659.0,69.14442162902122,15331.0,unknown,unknown,0.0,0.0,0.0,,0.0,0.0,1,279.49,0.0,0.0,3738.53,2.0,0.15789473684210525,,0
864,SYNID0101572472,4.713826799168974e-05,individual,CA,unknown,other,MALE,unknown,OTHER,unknown,57702.0,60.14784394250513,8549.0,unknown,unknown,0.0,0.0,0.0,,0.0,0.0,1,0.0,0.0,0.0,1777.2900000000002,0.0,0.0,,0
865,SYNID0104953210,4.677714742440498e-05,individual,CA,unknown,other,FEMALE,Unknown,72106,Welders and related machine operators,0.0,47.644079397672826,8315.0,unknown,unknown,0.0,0.0,0.0,,0.0,0.0,1,6372.9400000000005,0.0,0.0,7442.990000000001,0.0,0.0,high EFT outflows (top 10%),0
866,SYNID0104397699,4.6585806266147144e-05,individual,CA,unknown,other,FEMALE,Married,10019,Other administrative services managers,46156.0,56.2135523613963,7294.0,unknown,unknown,0.0,0.0,0.0,,0.0,0.0,1,0.0,0.0,0.0,1111.58,3.0,0.13636363636363635,,0
867,SYNID0107409175,4.506236670890749e-05,individual,CA,ON,MARKHAM,FEMALE,Married,RETIRED,unknown,41424.0,66.93497604380562,14129.0,unknown,unknown,0.0,0.0,0.0,,0.0,0.0,1,0.0,0.0,0.0,7300.46,0.0,0.0,high EFT outflows (top 10%),0
868,SYNID0101000519,4.486117770701061e-05,individual,CA,unknown,other,MALE,Single,90010,Manufacturing managers,0.0,54.88569472963724,5920.0,unknown,unknown,0.0,0.0,0.0,,0.0,0.0,1,2247.96,0.0,0.0,5264.38,5.0,0.0,high EFT outflows (top 10%),0
869,SYNID0107888998,4.430209825760316e-05,individual,CA,unknown,other,MALE,Married,UNEMPLOYED,unknown,17384.0,54.48870636550308,6863.0,unknown,unknown,0.0,0.0,0.0,,0.0,0.0,1,0.0,0.0,0.0,0.0,1.0,0.0,unemployed,0
870,SYNID0108944932,4.4142668606916196e-05,individual,CA,unknown,other,MALE,Single,OTHER,unknown,94455.0,65.14989733059548,5824.0,unknown,unknown,0.0,0.0,0.0,,0.0,0.0,1,55.029999999999994,0.0,0.0,3001.26,0.0,0.0,,0
871,SYNID0108730048,4.3353205980573055e-05,individual,CA,unknown,other,unknown,Married,SELF_EMPLOYED,unknown,70357.0,63.98083504449008,7575.0,unknown,unknown,0.0,0.0,0.0,,0.0,0.0,1,1939.97,0.0,0.0,1097.1399999999999,4.0,0.18461538461538463,,0
872,SYNID0109996010,4.26380647468104e-05,individual,CA,ON,COBOURG,unknown,Married,RETIRED,unknown,23311.0,83.6249144421629,8891.0,unknown,unknown,0.0,0.0,0.0,,0.0,0.0,1,0.0,0.0,0.0,469.99,1.0,0.0,,0
873,SYNID0100588505,4.1876119314668446e-05,individual,CA,AB,CALGARY,MALE,Married,RETIRED,unknown,43050.0,89.04312114989733,13341.0,unknown,unknown,0.0,0.0,0.0,,0.0,0.0,1,1349.8700000000001,0.0,0.0,978.14,1.0,0.15789473684210525,,0
874,SYNID0106340872,4.107620990843088e-05,individual,CA,unknown,other,FEMALE,Single,42202,Early childhood educators and assistants,77987.0,51.98904859685147,12944.0,unknown,unknown,0.0,0.0,0.0,,0.0,0.0,1,4989.21,0.0,0.0,2793.18,2.0,0.0,,0
875,SYNID0109930500,4.066918752433845e-05,individual,CA,AB,CALGARY,MALE,Married,SELF_EMPLOYED,unknown,180089.0,61.946611909650926,11445.0,unknown,unknown,0.0,0.0,0.0,,0.0,0.0,1,6123.37,0.0,0.0,5141.09,2.0,0.0,,0
876,SYNID0101716527,4.019483997227056e-05,individual,CA,unknown,other,MALE,Married,OTHER,unknown,54849.0,62.757015742642025,8090.0,unknown,unknown,0.0,0.0,0.0,,0.0,0.0,1,65.78999999999999,0.0,0.0,0.0,0.0,0.0,,0
877,SYNID0107647547,3.939730711687073e-05,individual,CA,BC,VANCOUVER,FEMALE,Married,SELF_EMPLOYED,unknown,116345.0,56.2217659137577,5988.0,unknown,unknown,0.0,0.0,0.0,,0.0,0.0,1,761.4,0.0,0.0,132.93,2.0,0.0,,0
878,SYNID0105988473,3.846736105975709e-05,individual,CA,unknown,other,unknown,Married,RETIRED,unknown,37530.0,75.47707049965777,10371.0,unknown,unknown,0.0,0.0,0.0,,0.0,0.0,1,0.0,0.0,0.0,0.0,3.0,0.16129032258064516,,0
879,SYNID0109355946,3.795790273416856e-05,individual,CA,unknown,other,FEMALE,Married,RETIRED,unknown,0.0,79.88227241615331,13115.0,unknown,unknown,0.0,0.0,0.0,,0.0,0.0,1,0.0,0.0,0.0,0.0,0.0,0.5,30%+ foreign card transactions,0
880,SYNID0108769714,3.76137498629638e-05,individual,CA,ON,SCARBOROUGH,FEMALE,Married,RETIRED,unknown,45669.0,90.63655030800821,10840.0,unknown,unknown,0.0,0.0,0.0,,0.0,0.0,1,0.0,0.0,0.0,211.20999999999998,0.0,0.0,,0
881,SYNID0104923804,3.752193111719773e-05,individual,CA,ON,WOODSTOCK,unknown,Married,OTHER,unknown,98627.0,58.14647501711157,7194.0,unknown,unknown,0.0,0.0,0.0,,0.0,0.0,1,0.0,0.0,0.0,1149.62,19.0,0.0,high cheque activity (top 10%),0
882,SYNID0109052526,3.694276144071035e-05,individual,CA,unknown,other,FEMALE,Married,OTHER,unknown,19136.0,71.6331279945243,8975.0,unknown,unknown,0.0,0.0,0.0,,0.0,0.0,1,0.0,0.0,0.0,5736.65,0.0,0.0,high EFT outflows (top 10%),0
883,SYNID0105241952,3.6208221754667346e-05,individual,CA,unknown,other,MALE,Married,SELF_EMPLOYED,unknown,41282.0,59.11841204654346,14345.0,unknown,unknown,0.0,0.0,0.0,,0.0,0.0,1,1100.6000000000001,0.0,0.0,2127.37,0.0,0.10377358490566038,,0
884,SYNID0101733473,3.5816184520103756e-05,individual,CA,unknown,other,unknown,Married,RETIRED,unknown,35868.0,76.64065708418892,10794.0,unknown,unknown,0.0,0.0,0.0,,0.0,0.0,1,37.89,0.0,0.0,2463.32,0.0,0.21052631578947367,,0
885,SYNID0100506549,3.570189848506459e-05,individual,CA,BC,NORTH VANCOUVER,FEMALE,Married,RETIRED,unknown,80841.0,66.22039698836413,10559.0,unknown,unknown,0.0,0.0,0.0,,0.0,0.0,1,2317.5,0.0,0.0,6.04,5.0,0.0,,0
886,SYNID0105408927,3.52711341434427e-05,individual,CA,unknown,other,FEMALE,Married,RETIRED,unknown,0.0,64.98288843258042,9559.0,unknown,unknown,0.0,0.0,0.0,,0.0,0.0,1,0.0,0.0,0.0,4591.469999999999,2.0,0.3333333333333333,30%+ foreign card transactions,0
887,SYNID0103626509,3.526715618541522e-05,individual,CA,ON,TORONTO,FEMALE,Married,RETIRED,unknown,24979.0,,12638.0,unknown,unknown,0.0,0.0,0.0,,0.0,0.0,1,0.0,0.0,0.0,138.64,7.0,0.0,,0
888,SYNID0102968964,3.465647312766286e-05,individual,CA,unknown,other,unknown,Married,OTHER,unknown,115999.0,41.5605749486653,9431.0,unknown,unknown,0.0,0.0,0.0,,0.0,0.0,1,592.51,0.0,0.0,1449.76,7.0,0.23076923076923078,,0
889,SYNID0107462438,3.458589212722987e-05,individual,CA,unknown,other,FEMALE,Married,RETIRED,unknown,14614.0,,6263.0,unknown,unknown,0.0,0.0,0.0,,0.0,0.0,1,0.0,0.0,0.0,1836.8199999999997,0.0,0.0,,0
890,SYNID0108661542,3.404845888547682e-05,individual,CA,unknown,other,unknown,Married,OTHER,unknown,89156.0,,8727.0,unknown,unknown,0.0,0.0,0.0,,0.0,0.0,1,2985.7,0.0,0.0,1951.9,1.0,0.23148148148148148,,0
891,SYNID0103241190,3.334073713798976e-05,individual,CA,unknown,other,FEMALE,Married,RETIRED,unknown,28507.0,69.20465434633813,11581.0,unknown,unknown,0.0,0.0,0.0,,0.0,0.0,1,0.0,0.0,0.0,169.16,0.0,0.0,,0
892,SYNID0104073491,3.2955506358112326e-05,individual,CA,ON,ARNPRIOR,FEMALE,Married,RETIRED,unknown,0.0,85.44558521560575,12493.0,unknown,unknown,0.0,0.0,0.0,,0.0,0.0,1,0.0,0.0,0.0,0.0,3.0,0.0,,0
893,SYNID0100088505,3.286741329129151e-05,individual,CA,unknown,other,FEMALE,Married,SELF_EMPLOYED,unknown,172642.0,53.95756331279945,6490.0,unknown,unknown,0.0,0.0,0.0,,0.0,0.0,1,7189.96,0.0,0.0,3070.6,7.0,0.0,,0
894,SYNID0107566475,3.273039573475979e-05,individual,CA,unknown,other,MALE,Unknown,SELF_EMPLOYED,unknown,0.0,55.51266255989049,2882.0,unknown,unknown,0.0,0.0,0.0,,0.0,0.0,1,418.1,0.0,0.0,0.0,1.0,0.0,,0
895,SYNID0107511361,3.166805412908205e-05,individual,CA,unknown,other,MALE,Married,RETIRED,unknown,49090.0,64.6132785763176,10031.0,unknown,unknown,0.0,0.0,0.0,,0.0,0.0,1,20.93,0.0,0.0,2082.08,0.0,0.11764705882352941,,0
896,SYNID0109324046,3.147961038447351e-05,individual,CA,ON,SCARBOROUGH,FEMALE,Married,RETIRED,unknown,64626.0,96.69267624914443,10015.0,unknown,unknown,0.0,0.0,0.0,,0.0,0.0,1,0.0,0.0,0.0,5628.6,0.0,0.0,high EFT outflows (top 10%),0
897,SYNID0104709954,3.0966901891958734e-05,individual,CA,ON,OTTAWA,FEMALE,Married,RETIRED,unknown,34212.0,81.0321697467488,9337.0,unknown,unknown,0.0,0.0,0.0,,0.0,0.0,1,0.0,0.0,0.0,5443.1900000000005,2.0,0.0,high EFT outflows (top 10%),0
898,SYNID0107019000,3.07159189975908e-05,individual,CA,unknown,other,MALE,Married,RETIRED,unknown,40740.0,,9497.0,unknown,unknown,0.0,0.0,0.0,,0.0,0.0,1,2268.5,0.0,0.0,234.7,1.0,0.18181818181818182,,0
899,SYNID0104645363,3.05913415256219e-05,individual,CA,ON,BRAMPTON,MALE,Married,RETIRED,unknown,24905.0,68.61054072553046,13111.0,unknown,unknown,0.0,0.0,0.0,,0.0,0.0,1,0.0,0.0,0.0,152.37,7.0,0.0,,0
900,SYNID0105018854,2.9789175594803345e-05,individual,CA,unknown,other,MALE,Married,OTHER,unknown,0.0,58.71321013004791,3756.0,unknown,unknown,0.0,0.0,0.0,,0.0,0.0,1,1056.13,0.0,0.0,2064.44,2.0,0.0,,0
901,SYNID0106833741,2.972374026114747e-05,individual,CA,unknown,other,FEMALE,Married,RETIRED,unknown,0.0,76.41615331964408,,unknown,unknown,0.0,0.0,0.0,,0.0,0.0,1,0.0,0.0,0.0,1036.6,3.0,0.2413793103448276,,0
902,SYNID0100255939,2.928981693128655e-05,individual,CA,unknown,other,FEMALE,Unknown,OTHER,unknown,0.0,62.88569472963724,5508.0,unknown,unknown,0.0,0.0,0.0,,0.0,0.0,1,0.0,0.0,0.0,0.0,9.0,0.0,high cheque activity (top 10%),0
903,SYNID0200525992,2.9158166362147397e-05,smallbusiness,CA,BC,CAMPBELL RIVER,unknown,unknown,unknown,unknown,0.0,,12082.0,7761,Offices of Lawyers and Notaries,1.0,262509.0,12418.0,336.0,262509.0,0.0,0,0.0,0.0,0.0,1527.92,12.0,0.4666666666666667,30%+ foreign card transactions; high cheque activity (top 10%),0
904,SYNID0106357306,2.8751587025708e-05,individual,CA,unknown,other,FEMALE,Married,RETIRED,unknown,0.0,63.81108829568789,13326.0,unknown,unknown,0.0,0.0,0.0,,0.0,0.0,1,7154.389999999999,0.0,0.0,384.56,1.0,0.1,,0
905,SYNID0100869060,2.8008663716656146e-05,individual,CA,unknown,other,FEMALE,Married,RETIRED,unknown,13497.0,77.2539356605065,4280.0,unknown,unknown,0.0,0.0,0.0,,0.0,0.0,1,0.0,0.0,0.0,723.03,0.0,0.0,,0
906,SYNID0103097442,2.709259038481303e-05,individual,CA,unknown,other,MALE,unknown,RETIRED,unknown,19146.0,88.03832991101984,8481.0,unknown,unknown,0.0,0.0,0.0,,0.0,0.0,1,0.0,0.0,0.0,0.0,1.0,0.0,,0
907,SYNID0107339124,2.6823192846573224e-05,individual,CA,unknown,other,FEMALE,Married,RETIRED,unknown,37058.0,73.19644079397673,5243.0,unknown,unknown,0.0,0.0,0.0,,0.0,0.0,1,0.0,0.0,0.0,307.29,0.0,0.0,,0
908,SYNID0200882821,2.647714009216345e-05,smallbusiness,CA,unknown,other,unknown,unknown,unknown,unknown,0.0,,5698.0,8629,Other Institutional Health and Social Services n.e.c.,3.0,0.0,5791.0,93.0,0.0,0.0,0,64803.86,0.0,0.0,0.0,20.0,0.0,employees but zero revenue; high EMT volume (top 10%); high cheque activity (top 10%),0
909,SYNID0104049246,2.545454035971985e-05,individual,CA,unknown,other,FEMALE,Unknown,10010,Financial managers,103467.0,57.1937029431896,6660.0,unknown,unknown,0.0,0.0,0.0,,0.0,0.0,1,1225.25,0.0,0.0,1057.06,1.0,0.0,,0
910,SYNID0107134431,2.485428457201556e-05,individual,CA,NB,SAINT JOHN,MALE,Married,RETIRED,unknown,55240.0,80.63244353182752,5997.0,unknown,unknown,0.0,0.0,0.0,,0.0,0.0,1,0.0,0.0,0.0,1448.23,7.0,0.0,,0
911,SYNID0104107410,2.3369612029159624e-05,individual,CA,unknown,other,MALE,Married,OTHER,unknown,50663.0,67.11841204654347,,unknown,unknown,0.0,0.0,0.0,,0.0,0.0,1,0.0,0.0,0.0,783.25,0.0,0.0,,0
912,SYNID0100508493,2.2635986146540318e-05,individual,CA,unknown,other,FEMALE,Married,10019,Other administrative services managers,52680.0,49.29226557152635,2308.0,unknown,unknown,0.0,0.0,0.0,,0.0,0.0,1,1487.6899999999998,0.0,0.0,4902.360000000001,3.0,0.0,,0
913,SYNID0102329902,2.245477450313364e-05,individual,CA,unknown,other,unknown,Married,UNEMPLOYED,unknown,0.0,77.03490759753593,10604.0,unknown,unknown,0.0,0.0,0.0,,0.0,0.0,1,0.0,0.0,0.0,0.0,2.0,0.0,unemployed,0
914,SYNID0102868287,2.2417039611384847e-05,individual,CA,unknown,other,MALE,Married,10011,Human resources managers,97571.0,60.43805612594114,12278.0,unknown,unknown,0.0,0.0,0.0,,0.0,0.0,1,1030.76,0.0,0.0,1247.04,1.0,0.23404255319148937,,0
915,SYNID0106328139,2.130879763903254e-05,individual,CA,unknown,other,FEMALE,Married,RETIRED,unknown,13505.0,65.6290212183436,15693.0,unknown,unknown,0.0,0.0,0.0,,0.0,0.0,1,2111.06,0.0,0.0,1120.48,1.0,0.3333333333333333,30%+ foreign card transactions,0
916,SYNID0105107705,2.1258996247138152e-05,individual,CA,unknown,other,FEMALE,Married,OTHER,unknown,0.0,52.145106091718,2624.0,unknown,unknown,0.0,0.0,0.0,,0.0,0.0,1,2232.85,0.0,0.0,604.8199999999999,7.0,0.0,,0
917,SYNID0101727462,2.1226421841161865e-05,individual,CA,unknown,other,FEMALE,Married,RETIRED,unknown,56753.0,71.5564681724846,13394.0,unknown,unknown,0.0,0.0,0.0,,0.0,0.0,1,2704.12,0.0,0.0,154.19,0.0,0.0,,0
918,SYNID0107159615,2.096652319691138e-05,individual,CA,unknown,other,FEMALE,Divorced,65100,Cashiers,21371.0,77.61806981519507,10319.0,unknown,unknown,0.0,0.0,0.0,,0.0,0.0,1,0.0,0.0,0.0,744.9300000000001,1.0,0.0,,0
919,SYNID0104550289,2.0088678233665968e-05,individual,CA,unknown,other,unknown,Single,RETIRED,unknown,51763.0,72.94182067077344,,unknown,unknown,0.0,0.0,0.0,,0.0,0.0,1,0.0,0.0,0.0,1954.8,5.0,0.0,,0
920,SYNID0102116014,2.0044857807238093e-05,individual,CA,unknown,other,MALE,Married,64409,Other customer and information services representatives,0.0,75.6495550992471,12384.0,unknown,unknown,0.0,0.0,0.0,,0.0,0.0,1,0.0,0.0,0.0,1664.58,0.0,0.140625,,0
921,SYNID0101006900,1.9759210707172876e-05,individual,CA,unknown,other,FEMALE,Married,RETIRED,unknown,42433.0,65.58795345653662,12391.0,unknown,unknown,0.0,0.0,0.0,,0.0,0.0,1,0.0,0.0,0.0,1007.58,1.0,0.1518987341772152,,0
922,SYNID0100662190,1.9231202054016618e-05,individual,CA,unknown,other,MALE,Married,OTHER,unknown,64544.0,61.817932922655714,13505.0,unknown,unknown,0.0,0.0,0.0,,0.0,0.0,1,8723.98,0.0,0.0,405.15,2.0,0.10526315789473684,,0
923,SYNID0109379458,1.8111966054484753e-05,individual,CA,unknown,other,MALE,Married,SELF_EMPLOYED,unknown,75981.0,72.50376454483231,15261.0,unknown,unknown,0.0,0.0,0.0,,0.0,0.0,1,23203.62,0.0,0.0,158.01,1.0,0.0,high EMT volume (top 10%),0
924,SYNID0104577359,1.81065515182508e-05,individual,CA,unknown,other,MALE,Married,RETIRED,unknown,173121.0,78.09719370294319,11186.0,unknown,unknown,0.0,0.0,0.0,,0.0,0.0,1,0.0,0.0,0.0,2834.75,5.0,0.3,,0
925,SYNID0102495133,1.7736385870121497e-05,individual,CA,unknown,other,FEMALE,Married,RETIRED,unknown,140582.0,66.3189596167009,9618.0,unknown,unknown,0.0,0.0,0.0,,0.0,0.0,1,5206.63,0.0,0.0,2307.75,1.0,0.13636363636363635,,0
926,SYNID0101735464,1.7316904474144986e-05,individual,CA,ON,GUELPH,MALE,Married,RETIRED,unknown,47626.0,72.29295003422314,12950.0,unknown,unknown,0.0,0.0,0.0,,0.0,0.0,1,4349.52,0.0,0.0,4775.28,1.0,0.0,,0
927,SYNID0200642493,1.726258191432138e-05,smallbusiness,CA,ON,BRAMPTON,unknown,unknown,unknown,unknown,0.0,,3085.0,4561,General Freight Trucking Industry,3.0,488577.0,0.0,,162859.0,0.0,0,0.0,0.0,0.0,804.25,60.0,0.0,business < 6 months old; high cheque activity (top 10%),0
928,SYNID0102778056,1.661309453336671e-05,individual,CA,unknown,other,MALE,Married,OTHER,unknown,42553.0,65.26488706365502,12162.0,unknown,unknown,0.0,0.0,0.0,,0.0,0.0,1,1106.06,0.0,0.0,1624.47,0.0,0.14705882352941177,,0
929,SYNID0102439293,1.6421696767505547e-05,individual,CA,unknown,other,FEMALE,Unknown,OTHER,unknown,0.0,,12509.0,unknown,unknown,0.0,0.0,0.0,,0.0,0.0,1,55.63,0.0,0.0,882.5500000000001,0.0,0.0,,0
930,SYNID0107066464,1.6245090881562463e-05,individual,CA,unknown,other,MALE,Married,RETIRED,unknown,57734.0,,12926.0,unknown,unknown,0.0,0.0,0.0,,0.0,0.0,1,0.0,0.0,0.0,2258.46,0.0,0.0,,0
931,SYNID0103104284,1.562979690148712e-05,individual,CA,unknown,other,unknown,Married,RETIRED,unknown,96925.0,60.86789869952088,12931.0,unknown,unknown,0.0,0.0,0.0,,0.0,0.0,1,2585.05,0.0,0.0,627.16,3.0,0.0,,0
932,SYNID0109670205,1.5391136139183615e-05,individual,CA,unknown,other,FEMALE,Married,OTHER,unknown,22257.0,76.36960985626284,7404.0,unknown,unknown,0.0,0.0,0.0,,0.0,0.0,1,0.0,0.0,0.0,1173.0,1.0,0.15789473684210525,,0
933,SYNID0104697222,1.5044796151308846e-05,individual,CA,unknown,other,MALE,Married,SELF_EMPLOYED,unknown,39456.0,62.72689938398357,10417.0,unknown,unknown,0.0,0.0,0.0,,0.0,0.0,1,0.0,0.0,0.0,1629.66,0.0,0.0,,0
934,SYNID0104718946,1.4906162597173377e-05,individual,CA,unknown,other,MALE,Married,RETIRED,unknown,50009.0,69.41273100616016,14369.0,unknown,unknown,0.0,0.0,0.0,,0.0,0.0,1,214.67,0.0,0.0,0.0,0.0,0.0,,0
935,SYNID0102790321,1.470279017736092e-05,individual,CA,ON,BRAMPTON,FEMALE,Married,RETIRED,unknown,42978.0,80.75564681724846,13406.0,unknown,unknown,0.0,0.0,0.0,,0.0,0.0,1,0.0,0.0,0.0,2708.34,2.0,0.0,,0
936,SYNID0106318770,1.4689102066879069e-05,individual,CA,ON,VAUGHAN,MALE,Single,OTHER,unknown,73822.0,28.76659822039699,6496.0,unknown,unknown,0.0,0.0,0.0,,0.0,0.0,1,594.96,0.0,0.0,248.37,3.0,0.14285714285714285,,0
937,SYNID0106462825,1.4611728776721026e-05,individual,CA,unknown,other,FEMALE,Married,95109,"Other labourers in processing, manufacturing and utilities",41109.0,59.898699520876114,10713.0,unknown,unknown,0.0,0.0,0.0,,0.0,0.0,1,0.0,0.0,0.0,3239.83,3.0,0.16666666666666666,,0
938,SYNID0103849472,1.4193475839018959e-05,individual,CA,unknown,other,MALE,Married,RETIRED,unknown,61802.0,64.77481177275838,12656.0,unknown,unknown,0.0,0.0,0.0,,0.0,0.0,1,3230.7,0.0,0.0,2018.0300000000002,0.0,0.0,,0
939,SYNID0200556823,1.414877471657305e-05,smallbusiness,CA,unknown,other,unknown,unknown,unknown,unknown,0.0,,2256.0,0141,Field Crop Combination Farms,2.0,553571.0,2644.0,388.0,276785.5,0.0,0,0.0,0.0,0.0,1079.81,4.0,0.0,,0
940,SYNID0103319919,1.40788414817391e-05,individual,CA,unknown,other,FEMALE,Married,OTHER,unknown,35574.0,61.21286789869952,5311.0,unknown,unknown,0.0,0.0,0.0,,0.0,0.0,1,0.0,0.0,0.0,1798.43,1.0,0.0,,0
941,SYNID0108209280,1.364947431381011e-05,individual,CA,unknown,other,FEMALE,Married,RETIRED,unknown,0.0,79.8384668035592,8167.0,unknown,unknown,0.0,0.0,0.0,,0.0,0.0,1,0.0,0.0,0.0,2923.74,0.0,0.0,,0
942,SYNID0108153022,1.3489029222683773e-05,individual,CA,unknown,other,MALE,Divorced,RETIRED,unknown,27122.0,73.9356605065024,15759.0,unknown,unknown,0.0,0.0,0.0,,0.0,0.0,1,0.0,0.0,0.0,1728.1399999999999,0.0,0.0,,0
943,SYNID0103973462,1.345817465496395e-05,individual,CA,unknown,other,MALE,Married,63100,Insurance agents and brokers,279096.0,59.893223819301845,11962.0,unknown,unknown,0.0,0.0,0.0,,0.0,0.0,1,2574.6400000000003,0.0,0.0,845.05,1.0,0.0,,0
944,SYNID0100021236,1.2027563788422279e-05,individual,CA,ON,MISSISSAUGA,MALE,Married,OTHER,unknown,42336.0,79.80561259411363,12388.0,unknown,unknown,0.0,0.0,0.0,,0.0,0.0,1,0.0,0.0,0.0,3378.35,4.0,0.0,,0
945,SYNID0109980400,1.167747838919131e-05,individual,CA,unknown,other,MALE,Married,21301,Mechanical engineers,0.0,45.37713894592745,12513.0,unknown,unknown,0.0,0.0,0.0,,0.0,0.0,1,1961.79,0.0,0.0,2416.81,11.0,0.0,high cheque activity (top 10%),0
946,SYNID0101540525,1.0522308149229597e-05,individual,CA,unknown,other,MALE,Married,SELF_EMPLOYED,unknown,340887.0,44.34496919917864,3904.0,unknown,unknown,0.0,0.0,0.0,,0.0,0.0,1,604.12,0.0,0.0,1874.8600000000001,5.0,0.14864864864864866,,0
947,SYNID0101373005,1.0063118641008223e-05,individual,CA,unknown,other,MALE,Married,RETIRED,unknown,0.0,81.05954825462013,3816.0,unknown,unknown,0.0,0.0,0.0,,0.0,0.0,1,0.0,0.0,0.0,2956.6899999999996,1.0,0.0,,0
948,SYNID0107058218,9.781137073074506e-06,individual,CA,unknown,other,FEMALE,Married,RETIRED,unknown,0.0,66.43121149897331,6496.0,unknown,unknown,0.0,0.0,0.0,,0.0,0.0,1,0.0,0.0,0.0,3230.68,3.0,0.0,,0
949,SYNID0101471651,9.747999627919992e-06,individual,CA,unknown,other,MALE,Married,OTHER,unknown,44363.0,76.19712525667352,6714.0,unknown,unknown,0.0,0.0,0.0,,0.0,0.0,1,0.0,0.0,0.0,998.6999999999999,1.0,0.22916666666666666,,0
950,SYNID0108676505,8.929032347834286e-06,individual,CA,unknown,other,MALE,Married,SELF_EMPLOYED,unknown,123875.0,53.40451745379877,9179.0,unknown,unknown,0.0,0.0,0.0,,0.0,0.0,1,0.0,0.0,0.0,0.0,4.0,0.0,,0
951,SYNID0105976167,8.772592762485238e-06,individual,CA,ON,TORONTO,MALE,unknown,20012,Computer and information systems managers,469243.0,70.05338809034907,3459.0,unknown,unknown,0.0,0.0,0.0,,0.0,0.0,1,6006.370000000001,4.0,73685.94,806.96,1.0,0.36363636363636365,has wire transfers; 30%+ foreign card transactions,0
952,SYNID0107169680,8.711049904181077e-06,individual,CA,unknown,other,MALE,Married,RETIRED,unknown,0.0,80.86789869952088,9135.0,unknown,unknown,0.0,0.0,0.0,,0.0,0.0,1,0.0,0.0,0.0,2324.26,9.0,0.22857142857142856,high cheque activity (top 10%),0
953,SYNID0100060562,8.663428969430291e-06,individual,CA,unknown,other,MALE,Married,RETIRED,unknown,85408.0,67.05270362765229,14457.0,unknown,unknown,0.0,0.0,0.0,,0.0,0.0,1,1936.09,0.0,0.0,937.56,0.0,0.0,,0
954,SYNID0109911121,8.588857668370989e-06,individual,CA,unknown,other,FEMALE,Married,RETIRED,unknown,43425.0,64.7337440109514,13932.0,unknown,unknown,0.0,0.0,0.0,,0.0,0.0,1,8015.06,0.0,0.0,4637.570000000001,4.0,0.36363636363636365,30%+ foreign card transactions,0
955,SYNID0105222222,8.425859424948303e-06,individual,CA,unknown,other,MALE,Married,SELF_EMPLOYED,unknown,103290.0,48.577686516084874,5337.0,unknown,unknown,0.0,0.0,0.0,,0.0,0.0,1,2716.84,0.0,0.0,0.0,5.0,0.288135593220339,,0
956,SYNID0101861437,8.09151385915774e-06,individual,CA,unknown,other,FEMALE,Married,RETIRED,unknown,0.0,62.70225872689939,9402.0,unknown,unknown,0.0,0.0,0.0,,0.0,0.0,1,0.0,0.0,0.0,4930.37,1.0,0.0,,0
957,SYNID0100346667,7.806955843503404e-06,individual,CA,unknown,other,unknown,Unknown,RETIRED,unknown,9.0,80.22176591375771,5155.0,unknown,unknown,0.0,0.0,0.0,,0.0,0.0,1,0.0,0.0,0.0,2906.83,21.0,0.0,high cheque activity (top 10%),0
958,SYNID0108049300,7.581300238757713e-06,individual,CA,unknown,other,MALE,Married,OTHER,unknown,0.0,85.42642026009582,10477.0,unknown,unknown,0.0,0.0,0.0,,0.0,0.0,1,0.0,0.0,0.0,3144.6499999999996,0.0,0.0,,0
959,SYNID0105471287,7.575648316357287e-06,individual,CA,unknown,other,MALE,Married,RETIRED,unknown,0.0,90.507871321013,12516.0,unknown,unknown,0.0,0.0,0.0,,0.0,0.0,1,0.0,0.0,0.0,3044.34,0.0,0.0,,0
960,SYNID0103544591,7.358717778831516e-06,individual,CA,unknown,other,MALE,Married,RETIRED,unknown,45896.0,82.75701574264203,13255.0,unknown,unknown,0.0,0.0,0.0,,0.0,0.0,1,3398.0099999999998,0.0,0.0,0.0,3.0,0.0,,0
961,SYNID0100313335,7.110312402683448e-06,individual,CA,unknown,other,FEMALE,Married,OTHER,unknown,0.0,49.034907597535934,10702.0,unknown,unknown,0.0,0.0,0.0,,0.0,0.0,1,0.0,0.0,0.0,3363.64,6.0,0.0,,0
962,SYNID0104946092,7.081784389504138e-06,individual,CA,MB,WINNIPEG,FEMALE,Unknown,RETIRED,unknown,0.0,77.96030116358658,8918.0,unknown,unknown,0.0,0.0,0.0,,0.0,0.0,1,0.0,0.0,0.0,26.09,7.0,0.0,,0
963,SYNID0105114292,6.839390365151506e-06,individual,CA,QC,GATINEAU,FEMALE,Married,SELF_EMPLOYED,unknown,0.0,44.55578370978782,4690.0,unknown,unknown,0.0,0.0,0.0,,0.0,0.0,1,10217.060000000001,0.0,0.0,1524.31,2.0,0.08333333333333333,high EMT volume (top 10%),0
964,SYNID0107998273,6.719236595169017e-06,individual,CA,unknown,other,MALE,Married,RETIRED,unknown,25803.0,68.24640657084188,10227.0,unknown,unknown,0.0,0.0,0.0,,0.0,0.0,1,0.0,0.0,0.0,269.28000000000003,1.0,0.0,,0
965,SYNID0200533256,6.218265943676621e-06,smallbusiness,CA,AB,RED DEER,unknown,unknown,unknown,unknown,0.0,,3298.0,8651,"Offices of Physicians, General Practice",2.0,704529.0,4501.0,1203.0,352264.5,0.0,0,25756.1,0.0,0.0,21810.3,8.0,0.0,high EMT volume (top 10%); high EFT outflows (top 10%); high cheque activity (top 10%),0
966,SYNID0109021852,6.202575028284766e-06,individual,CA,unknown,other,MALE,Married,OTHER,unknown,42957.0,70.74058863791923,10626.0,unknown,unknown,0.0,0.0,0.0,,0.0,0.0,1,121.2,0.0,0.0,1824.53,10.0,0.0,high cheque activity (top 10%),0
967,SYNID0107677346,6.146510395550371e-06,individual,CA,unknown,other,MALE,Married,RETIRED,unknown,39434.0,75.36481861738535,13197.0,unknown,unknown,0.0,0.0,0.0,,0.0,0.0,1,520.46,0.0,0.0,673.2,0.0,0.0,,0
968,SYNID0100573825,6.110458032422527e-06,individual,CA,unknown,other,MALE,Married,OTHER,unknown,0.0,96.96919917864476,9820.0,unknown,unknown,0.0,0.0,0.0,,0.0,0.0,1,0.0,0.0,0.0,341.03,0.0,0.0,,0
969,SYNID0103367633,5.615919105894139e-06,individual,CA,unknown,other,FEMALE,Married,RETIRED,unknown,9458.0,83.04175222450377,12355.0,unknown,unknown,0.0,0.0,0.0,,0.0,0.0,1,0.0,0.0,0.0,1433.1100000000001,1.0,0.0,,0
970,SYNID0105115605,5.557562249325322e-06,individual,CA,ON,SCARBOROUGH,MALE,Married,RETIRED,unknown,0.0,91.75359342915812,13965.0,unknown,unknown,0.0,0.0,0.0,,0.0,0.0,1,0.0,0.0,0.0,1726.2,2.0,0.0,,0
971,SYNID0200601216,4.562809222427826e-06,smallbusiness,CA,unknown,other,unknown,unknown,unknown,unknown,0.0,,7926.0,4589,Other Transportation Industries n.e.c.,2.0,258955.0,7828.0,-98.0,129477.5,0.0,0,16527.079999999998,0.0,0.0,1049.05,21.0,0.0,onboarded <30 days after business founding; high EMT volume (top 10%); high cheque activity (top 10%),0
972,SYNID0108843346,4.556036653251603e-06,individual,CA,unknown,other,MALE,Married,RETIRED,unknown,40015.0,62.874743326488705,12250.0,unknown,unknown,0.0,0.0,0.0,,0.0,0.0,1,0.0,0.0,0.0,1813.0299999999997,7.0,0.0,,0
973,SYNID0106201317,4.446998748754109e-06,individual,CA,unknown,other,FEMALE,Married,OTHER,unknown,38408.0,84.99383983572895,12316.0,unknown,unknown,0.0,0.0,0.0,,0.0,0.0,1,0.0,0.0,0.0,2004.6599999999999,0.0,0.0,,0
974,SYNID0105810138,4.420827121354129e-06,individual,CA,unknown,other,FEMALE,Married,RETIRED,unknown,10503.0,98.62559890485969,12536.0,unknown,unknown,0.0,0.0,0.0,,0.0,0.0,1,0.0,0.0,0.0,3639.79,0.0,0.0,,0
975,SYNID0107552364,4.260665872422689e-06,individual,CA,BC,SURREY,FEMALE,Married,OTHER,unknown,120398.0,56.435318275154,9388.0,unknown,unknown,0.0,0.0,0.0,,0.0,0.0,1,8248.99,0.0,0.0,3777.8199999999997,14.0,0.0,high cheque activity (top 10%),0
976,SYNID0100610172,4.129069617779853e-06,individual,CA,unknown,other,MALE,Married,SELF_EMPLOYED,unknown,63383.0,71.22518822724162,12534.0,unknown,unknown,0.0,0.0,0.0,,0.0,0.0,1,9086.920000000002,0.0,0.0,896.1400000000001,10.0,0.0,high cheque activity (top 10%),0
977,SYNID0106695141,3.984046546588917e-06,individual,CA,unknown,other,MALE,Married,SELF_EMPLOYED,unknown,26115.0,85.09240246406571,10668.0,unknown,unknown,0.0,0.0,0.0,,0.0,0.0,1,0.0,0.0,0.0,0.0,4.0,0.0,,0
978,SYNID0200503207,3.946514653572547e-06,smallbusiness,CA,ON,TORONTO,unknown,unknown,unknown,unknown,0.0,,2973.0,4561,General Freight Trucking Industry,15.0,1249220.0,6266.0,3293.0,83281.33333333333,0.0,0,2280.62,0.0,0.0,22706.200000000004,1.0,0.0,high EFT outflows (top 10%),0
979,SYNID0106991545,3.864303506518942e-06,individual,CA,unknown,other,MALE,Married,RETIRED,unknown,57443.0,73.45106091718002,15034.0,unknown,unknown,0.0,0.0,0.0,,0.0,0.0,1,0.0,0.0,0.0,4048.66,10.0,0.125,high cheque activity (top 10%),0
980,SYNID0200879436,3.851350164494661e-06,smallbusiness,CA,ON,CARP,unknown,unknown,unknown,unknown,0.0,,9931.0,9999,Other Services n.e.c.,15.0,3245510.0,10673.0,742.0,216367.33333333334,0.0,0,91188.68,0.0,0.0,59754.99,69.0,0.48623853211009177,high EMT volume (top 10%); high EFT outflows (top 10%); 30%+ foreign card transactions; high cheque activity (top 10%),0
981,SYNID0100908431,3.6072861020532826e-06,individual,CA,unknown,other,FEMALE,Married,RETIRED,unknown,65068.0,72.27652292950035,12384.0,unknown,unknown,0.0,0.0,0.0,,0.0,0.0,1,0.0,0.0,0.0,2274.88,3.0,0.0,,0
982,SYNID0106222900,3.3312650239642734e-06,individual,CA,unknown,other,MALE,Married,OTHER,unknown,131325.0,38.61738535249829,12522.0,unknown,unknown,0.0,0.0,0.0,,0.0,0.0,1,487.65,0.0,0.0,577.55,2.0,0.0,,0
983,SYNID0109578308,3.064614993512961e-06,individual,CA,unknown,other,MALE,Married,RETIRED,unknown,27579.0,85.38809034907598,13963.0,unknown,unknown,0.0,0.0,0.0,,0.0,0.0,1,1913.02,0.0,0.0,3222.31,1.0,0.0,,0
984,SYNID0100257772,2.9450949164910358e-06,individual,CA,unknown,other,unknown,Married,RETIRED,unknown,76600.0,85.82614647501711,14284.0,unknown,unknown,0.0,0.0,0.0,,0.0,0.0,1,0.0,0.0,0.0,2890.98,1.0,0.0,,0
985,SYNID0200673561,2.7960593771117475e-06,smallbusiness,CA,unknown,other,unknown,unknown,unknown,unknown,0.0,,2866.0,7771,Management Consulting Services,4.0,555798.0,2411.0,-455.0,138949.5,0.0,0,47982.19,6.0,63438.3,302.56,44.0,0.6666666666666666,onboarded <30 days after business founding; has wire transfers; high EMT volume (top 10%); 30%+ foreign card transactions; high cheque activity (top 10%),0
986,SYNID0108082283,2.3483429984872383e-06,individual,CA,unknown,other,FEMALE,Married,RETIRED,unknown,0.0,86.59822039698837,13103.0,unknown,unknown,0.0,0.0,0.0,,0.0,0.0,1,515.73,0.0,0.0,197.02,1.0,0.0,,0
987,SYNID0200465801,2.1295642194385698e-06,smallbusiness,CA,ON,OWEN SOUND,unknown,unknown,unknown,unknown,0.0,,,4013,Residential Renovation,1.0,509282.0,4322.0,,509282.0,0.0,0,30421.809999999998,0.0,0.0,51093.12,32.0,0.14285714285714285,"implausibly high revenue/employee (>$412,545); high EMT volume (top 10%); high EFT outflows (top 10%); high cheque activity (top 10%)",0
988,SYNID0101445146,2.0055009051893033e-06,individual,CA,unknown,other,MALE,Married,RETIRED,unknown,47945.0,83.21697467488022,11345.0,unknown,unknown,0.0,0.0,0.0,,0.0,0.0,1,0.0,0.0,0.0,0.0,6.0,0.0,,0
989,SYNID0102070689,1.8842994559584e-06,individual,CA,unknown,other,MALE,Married,RETIRED,unknown,26039.0,84.19986310746064,15094.0,unknown,unknown,0.0,0.0,0.0,,0.0,0.0,1,0.0,0.0,0.0,3399.36,1.0,0.0,,0
990,SYNID0102130054,9.451896973950414e-07,individual,CA,unknown,other,FEMALE,unknown,RETIRED,unknown,0.0,74.11635865845311,2578.0,unknown,unknown,0.0,0.0,0.0,,0.0,0.0,1,0.0,0.0,0.0,256.18,3.0,0.0,,0
991,SYNID0200795055,8.225117903500953e-07,smallbusiness,CA,unknown,other,unknown,unknown,unknown,unknown,0.0,,830.0,Other,unknown,2.0,100093.0,10420.0,9590.0,50046.5,0.0,0,15114.810000000001,0.0,0.0,0.0,2.0,0.0,high EMT volume (top 10%),0
992,SYNID0105089737,1.736865921135424e-07,individual,CA,unknown,other,MALE,unknown,OTHER,unknown,47171.0,65.84804928131418,11897.0,unknown,unknown,0.0,0.0,0.0,,0.0,0.0,1,115.6,0.0,0.0,812.77,3.0,0.09523809523809523,,0
993,SYNID0200591513,1.4778650812049569e-08,smallbusiness,CA,NB,FREDERICTON,unknown,unknown,unknown,unknown,0.0,,2126.0,7215,Holding Companies,5.0,2225015.0,2190.0,64.0,445003.0,0.0,0,0.0,0.0,0.0,281.36,107.0,0.0,"implausibly high revenue/employee (>$412,545); high cheque activity (top 10%)",0
994,SYNID0200787993,2.2352587212912427e-09,smallbusiness,CA,unknown,other,unknown,unknown,unknown,unknown,0.0,,3535.0,4219,Other Site Work,1.0,698983.0,6223.0,2688.0,698983.0,0.0,0,0.0,0.0,0.0,6013.45,40.0,0.3469387755102041,"implausibly high revenue/employee (>$412,545); high EFT outflows (top 10%); 30%+ foreign card transactions; high cheque activity (top 10%)",0
995,SYNID0100476498,2.183310636653468e-09,individual,CA,unknown,other,FEMALE,Married,RETIRED,unknown,52369.0,71.93429158110882,11873.0,unknown,unknown,0.0,0.0,0.0,,0.0,0.0,1,0.0,0.0,0.0,0.0,4.0,0.0,,0
996,SYNID0200006570,7.349476294409264e-10,smallbusiness,CA,unknown,other,unknown,unknown,unknown,unknown,0.0,,,7215,Holding Companies,1.0,0.0,2285.0,,0.0,0.0,0,0.0,0.0,0.0,0.0,116.0,0.0,employees but zero revenue; high cheque activity (top 10%),0
997,SYNID0200991884,5.089624336960022e-10,smallbusiness,CA,unknown,other,unknown,unknown,unknown,unknown,0.0,,12346.0,Other,unknown,4.0,664704.0,19186.0,6840.0,166176.0,0.0,0,0.0,0.0,0.0,68415.92,8.0,0.0,high EFT outflows (top 10%); high cheque activity (top 10%),0
998,SYNID0200520608,1.0327378001286488e-10,smallbusiness,CA,ON,TORONTO,unknown,unknown,unknown,unknown,0.0,,2513.0,7771,Management Consulting Services,1.0,1040493.0,2599.0,86.0,1040493.0,0.0,0,9210.56,0.0,0.0,178.92,1.0,0.3076923076923077,"implausibly high revenue/employee (>$412,545); high EMT volume (top 10%); 30%+ foreign card transactions",0
999,SYNID0200755995,2.6725609112216226e-14,smallbusiness,CA,ON,TORONTO,unknown,unknown,unknown,unknown,0.0,,3532.0,7215,Holding Companies,1.0,1007417.0,3847.0,315.0,1007417.0,0.0,0,11403.340000000002,0.0,0.0,0.0,71.0,0.0,"implausibly high revenue/employee (>$412,545); high EMT volume (top 10%); high cheque activity (top 10%)",1
1000,SYNID0200970806,5.733683841937454e-21,smallbusiness,CA,unknown,other,unknown,unknown,unknown,unknown,0.0,,11854.0,7512,Operators of Non-Residential Buildings,3.705530690241349,1287467.0,13596.0,1742.0,347444.70026670984,0.0,0,0.0,7.0,255318.66000000003,4924.3,9.0,0.0,has wire transfers; high cheque activity (top 10%),0
